<?xml version="1.0" encoding="utf-8" standalone="yes"?>
<rss version="2.0" xmlns:atom="http://www.w3.org/2005/Atom">
  <channel>
    <title>astronomi on Sabahlatan</title>
    <link>https://reborn.sabahlatan.com/categories/astronomi/</link>
    <description>Recent content in astronomi on Sabahlatan</description>
    <generator>Hugo -- gohugo.io</generator>
    <language>tr-tr</language>
    <lastBuildDate>Mon, 31 Aug 2020 00:00:00 +0000</lastBuildDate><atom:link href="https://reborn.sabahlatan.com/categories/astronomi/index.xml" rel="self" type="application/rss+xml" />
    <item>
      <title>Bir yıldız nasıl doğar?</title>
      <link>https://reborn.sabahlatan.com/posts/2020/08/bir-yildiz-nasil-dogar/</link>
      <pubDate>Mon, 31 Aug 2020 00:00:00 +0000</pubDate>
      
      <guid>https://reborn.sabahlatan.com/posts/2020/08/bir-yildiz-nasil-dogar/</guid>
      <description>Merhabalar, bu yazımda sizlere bir yıldız nasıl doğar sorusunun cevabını vereceğim.
Cevap: Yerçekimi.
Bu sorunun cevabını net bir şekilde anlayabilmek için bazı konu başlıklarına değinmemiz gerekir. Bunlardan ilki tabii ki yer çekimi.
Kütlesi olan her şeyin bir kütle çekim kuvveti vardır. Biz bu kuvvete yer çekimi adını vermekteyiz. Big Bang gerçekleştiğinde etrafa muazzam ölçüde hidrojen atomu saçılmıştır. Başıboş halde Big Bang&amp;rsquo;in merkezinden etrafa saçılan hidrojen atomları bir süre sonra kütle çekim kuvvetinden dolayı bir araya gelmeye başlamıştır.</description>
    </item>
    
    <item>
      <title>Güneş Sistemi İçerisindeki İstisnalar</title>
      <link>https://reborn.sabahlatan.com/posts/2018/08/gunes-sistemi-icerisindeki-istisnalar/</link>
      <pubDate>Tue, 28 Aug 2018 00:00:00 +0000</pubDate>
      
      <guid>https://reborn.sabahlatan.com/posts/2018/08/gunes-sistemi-icerisindeki-istisnalar/</guid>
      <description>İlk bakışta öyle görünse de Güneş Sistemi düzenli bir yapıda değildir. Oldukça asimetrik ve içinde birtakım istisnai özellikler taşıyan gökcisimleri barındıran bir oluşumdur. Kimi gökcisimleri diğerlerine ters yönde dönerken, kimileri uydusu olduğu cisme oranda oldukça büyüktür, kimisinin kolay açıklanamayan hareketleri vardır.
Güneş Sistemi içindeki tüm gezegenler tam olarak aynı olmasa da çok yakın açılarla aynı düzlem üzerinde Güneş etrafında döner. Buna gezegensel disk deniyor. Gezegenlikten çıkarılıp cüce gezegen ilan edilmeden önce Plüton&amp;rsquo;un bu gezegensel diski yarıp geçen çok enteresan bir yörüngesi vardı.</description>
    </item>
    
    <item>
      <title>Gökcisimlerinin Çekirdekleri</title>
      <link>https://reborn.sabahlatan.com/posts/2018/08/gokcisimlerinin-cekirdekleri/</link>
      <pubDate>Wed, 15 Aug 2018 00:00:00 +0000</pubDate>
      
      <guid>https://reborn.sabahlatan.com/posts/2018/08/gokcisimlerinin-cekirdekleri/</guid>
      <description>Başta Dünya ve diğer gezegenler olmak üzere, gökcisimlerinin kütleleri ve iç yapısı insanlık tarafından biliniyor. Günlük yaşamda bir nesnenin kütlesini tartarak ölçen, iç yapısını onu kırarak, veya kimi zaman bir aşama ileri gidip X-ışınlarıyla öğrenen insanoğlu için bu konu biraz kafa karışıklığı yaratabilir. Tabii bunun için radyasyonu kullanmak da yalnızca yumuşak ve görece ince yapılar söz konusu olduğunda yer. Bir de bunu her istenen yerde uygulayabilmek için Tüm bu veriler tamamen dolaylı yöntemlerle elde ediliyor.</description>
    </item>
    
    <item>
      <title>Güneş Sisteminin En Tırt Gezegeni: Uranüs</title>
      <link>https://reborn.sabahlatan.com/posts/2017/02/gunes-sisteminin-en-tirt-gezegeni-uranus/</link>
      <pubDate>Fri, 17 Feb 2017 00:00:00 +0000</pubDate>
      
      <guid>https://reborn.sabahlatan.com/posts/2017/02/gunes-sisteminin-en-tirt-gezegeni-uranus/</guid>
      <description>Uranüs özelliksiz bir gezegen değil. Aslında Güneş Sistemi içindeki konumunda, kendine özgü birçok özelliği var. Fakat bu gezegen hiçbir zaman umursanamakta. Belgesellerde dahi üzerinde saatlerce isminin İngilizce telaffuzunun &amp;ldquo;Your anus&amp;rdquo; ifadesini andırması üzerine saatlerce geyik yapılır, özelliklerinden kısaca bahsedilir ve geçilir. Kendisine çok benzeyen Neptün dahi çok fazla şımartılan bir gezegen. Gerek rengi, gerek Plüton&amp;rsquo;un atılmasından sonra sistemdeki son gezegen sayılması, gerek üzerindeki büyük lekesi dolayısıyla Neptün&amp;rsquo;den her zaman uzun uzun bahsedilirken Uranüs&amp;rsquo;e karşı tık yoktur.</description>
    </item>
    
    <item>
      <title>Astronomi, Uzay ve Gökyüzü Gözlem Uygulamaları</title>
      <link>https://reborn.sabahlatan.com/posts/2016/10/astronomi-uzay-ve-gokyuzu-gozlem-uygulamalari/</link>
      <pubDate>Thu, 27 Oct 2016 00:00:00 +0000</pubDate>
      
      <guid>https://reborn.sabahlatan.com/posts/2016/10/astronomi-uzay-ve-gokyuzu-gozlem-uygulamalari/</guid>
      <description>Astronomiye, gökyüzü gözlemlerine ve evrenin derinliklerine meraklıysanız bu alanlarda ilginizi tatmin edecek çeşitli bilgisayar ve mobil uygulamaları mevcut. Bunlar ister bulunduğunuz yerde veya dünyanın herhangi bir noktasında gökyüzünde o an hangi gökcisimlerinin bulunduğunu öğrenmenizi, ister çeşitli gökcisimlerini yakından görmenizi ve tanımanızı sağlayacak uygulamalar. Her biri alternatiften ziyade, bir diğerinde olmayan özellikler taşıyor.
Stellarium Amatör olarak astronomiyle ilgileniyorsanız Stellarium&amp;rsquo;a aşina veya en azından adını duymuş olabilirsiniz. Stellarium açık kaynak kodlu bir bilgisayar uygulaması.</description>
    </item>
    
    <item>
      <title>Warp Drive: Işık Hızına Ulaşamıyorsan Evreni Dalgalandır</title>
      <link>https://reborn.sabahlatan.com/posts/2016/10/warp-drive-isik-hizina-ulasamiyorsan-evreni-dalgalandir/</link>
      <pubDate>Tue, 25 Oct 2016 00:00:00 +0000</pubDate>
      
      <guid>https://reborn.sabahlatan.com/posts/2016/10/warp-drive-isik-hizina-ulasamiyorsan-evreni-dalgalandir/</guid>
      <description>Değil Gözlemlenebilir Evren, değil Galaksiler, yalnızca yıldızlararası boşluklar dahi insan beyninin kavramakta zorlanacağı devasa mesafelere sahip. Güneş Sistemi dışında ulaşılabilecek en yakın yıldız sistemi olan Alfa Centauri yaklaşık 4 ışıkyılı uzaklıkta. Bu demek oluyor ki ışık hızıyla yapılan bir seyahat ile ancak 4 yılda o yıldıza ulaşılabilecek.
Gelgelelim insanoğlunun ışık hızına ulaşması bugünün bilimine göre mümkün değil. Işık hızına ulaşabilmek için enerjiye dönüşmek gerekir. Bir maddeyi gitgide ışık hızına yaklaştırdıkça o maddenin kütlesi Albert Einstein&amp;rsquo;ın denklemlerine göre hızla artar.</description>
    </item>
    
    <item>
      <title>Bir Yıldız Sisteminde Canlılığın Oluşması İçin Gereken Etmenler</title>
      <link>https://reborn.sabahlatan.com/posts/2015/10/bir-yildiz-sisteminde-canliligin-olusmasi-icin-gereken-etmenler/</link>
      <pubDate>Sat, 24 Oct 2015 00:00:00 +0000</pubDate>
      
      <guid>https://reborn.sabahlatan.com/posts/2015/10/bir-yildiz-sisteminde-canliligin-olusmasi-icin-gereken-etmenler/</guid>
      <description>Bilinen yaşamın yalnızca Dünya&amp;rsquo;da oluşarak, başka gezegen ve yıldız sistemlerinde oluşmamış olmasının birçok nedeni var. Bu yalnızca Dünya&amp;rsquo;yı sarıp koruyan bir ozon tabakası olmasından çok daha karmaşık bir mevzu. Dünya&amp;rsquo;daki yaşamın korunmasında Jüpiter dahi büyük role sahip.
Her şeyden önce dünya bir kayaç gezegen. Bunun anlamı sert bir zemin barındırıyor ve en üst katmanında yoğun olarak bulunan maddeler bugün bilinen organik maddelerin oluşabilmesi için yapı taşı konumunda. Dünya&amp;rsquo;daki hayat temel olarak Karbon atomunun üzerine kurulmuştur.</description>
    </item>
    
    <item>
      <title>Dünya Dışı Yaşam ve Fermi Paradoksu</title>
      <link>https://reborn.sabahlatan.com/posts/2015/05/dunya-disi-yasam-ve-fermi-paradoksu/</link>
      <pubDate>Sat, 23 May 2015 00:00:00 +0000</pubDate>
      
      <guid>https://reborn.sabahlatan.com/posts/2015/05/dunya-disi-yasam-ve-fermi-paradoksu/</guid>
      <description>Fermi paradoksu, Dünya dışı yaşamın olma ihtimalinin yüksek olmasına rağmen bunu doğrulayacak herhangi bir kanıt ya da temasın olmaması arasındaki tutarsızlıktır. Aslında bu hepimizin sorduğu veya sorabileceği basit bir sorudur. Herkesten bunu duyabilirsiniz. Yani bir arkadaşız dahi çıkıp &amp;ldquo;Uzaylılar varsa neden gelmiyorlar ya da onlara ait bir iz neden yok&amp;rdquo; diyebilir. Ancak bunu İtalyan asıllı ünlü bir fizikçi olan Enrico Fermi&amp;rsquo;nin söylemesi bunun paradoks olarak kabul edilmesini sağlamıştır.
Evrenin yaşı yaklaşık 13 milyar yıldır.</description>
    </item>
    
    <item>
      <title>Ay ile İlgili Enteresan Gerçekler</title>
      <link>https://reborn.sabahlatan.com/posts/2015/05/ay-hakkinda/</link>
      <pubDate>Thu, 21 May 2015 00:00:00 +0000</pubDate>
      
      <guid>https://reborn.sabahlatan.com/posts/2015/05/ay-hakkinda/</guid>
      <description>Ay tüm Güneş Sistemi&amp;rsquo;ne bakıldığında gezegeni ile arasındaki ilişki en enteresan durumda olan uydudur. Her şeyden önce Ay Dünya&amp;rsquo;nın uydusu olabilmek için çok büyüktür. Bu da doğal olarak uydu şeklinde oluştuğu düşüncesini çürüten bir durum. Ay Dünya&amp;rsquo;nın yaklaşık dörtte biridir ve Güneş Sistemi üzerinde bu şekilde orana sahip başka bir gezegen - uydu ikilisi bulunmuyor. Ay ve Dünya&amp;rsquo;dan sonra sistemde en büyük orana sahip bir sonraki ikili, sekizde bir oranıyla Jüpiter ve Ganymede ikilisidir.</description>
    </item>
    
    <item>
      <title>Plüton&#39;un İlk Renkli Fotoğrafları Yayınlandı</title>
      <link>https://reborn.sabahlatan.com/posts/2015/04/plutonun-ilk-renkli-fotograflari-yayinlandi/</link>
      <pubDate>Sun, 26 Apr 2015 00:00:00 +0000</pubDate>
      
      <guid>https://reborn.sabahlatan.com/posts/2015/04/plutonun-ilk-renkli-fotograflari-yayinlandi/</guid>
      <description>Uzun yıllar gezegen statüsüne sahip görülen, 2008 yılında bu kategoriden alınarak cüce gezegen isminde yeni bir sınıfa dahil olan Plüton ve uydusu Charon&amp;rsquo;ın ilk renkli görüntüleri elde edildi. Görüntüler New Horizons uzay aracı tarafından çekildi. Görüntüler pek net değil, bunun nedeni New Horizons&amp;rsquo;ın Plüton&amp;rsquo;a 3 aylık mesafede bulunuyor olması ve Güneşten yansıyan ışığın çok az olması. Bu zamana kadar Plüton&amp;rsquo;un elde edilen görüntüleri siyah beyaz şekilde sınıflandırılmıştı.
NASA&amp;rsquo;nın açıklamasına göre New Horizons uzay aracı Plüton&amp;rsquo;un yörüngesine girmek için durmayacak.</description>
    </item>
    
    <item>
      <title>Dünyanın İlk Uzay Teleskobu Hubble 25 Yaşında</title>
      <link>https://reborn.sabahlatan.com/posts/2015/04/dunyanin-ilk-uzay-teleskobu-hubble-25-yasinda/</link>
      <pubDate>Sat, 25 Apr 2015 00:00:00 +0000</pubDate>
      
      <guid>https://reborn.sabahlatan.com/posts/2015/04/dunyanin-ilk-uzay-teleskobu-hubble-25-yasinda/</guid>
      <description>Nisan 1990 yılında uzaya gönderilen Hubble Uzay Teleskobu 25. yılına girdi. İlk uzay teleskobu olan Hubble eski olmasına rağmen bir çok özelliğe sahiptir. Amerikalı astronom Edwin Hubble anısına ismi bu teleskoba verilmişti. Hubble Uzay Teleskopu(HUT), STS-31 görevi sırasında Uzay Mekiği Discovery tarafından Dünya yörüngesine tam olarak 24 Nisan 1990 yılında yerleştirildi.
Başarılı performansıyla Hubble Uzay Teleskobu uzayın incelenmesinde en başarılı fotoğrafları çekti. Yeryüzünden 569 kilometre yukarıda olan Hubble 800.000 gök cisminde 1 milyondan fazla gözlemde bulunmuştur.</description>
    </item>
    
    <item>
      <title>Nötron Yıldızı Nedir?</title>
      <link>https://reborn.sabahlatan.com/posts/2015/04/evrenin-en-agir-yildizlari-notron-yildizlari/</link>
      <pubDate>Sat, 18 Apr 2015 00:00:00 +0000</pubDate>
      
      <guid>https://reborn.sabahlatan.com/posts/2015/04/evrenin-en-agir-yildizlari-notron-yildizlari/</guid>
      <description>Yıldızlar yaşamlarının sonunda biçim değiştirirler. Nükleer reaksiyonlar süpernova patlamasına neden olur. Kütlelerine göre yıldızlar enerjisi tükendikten sonra kara delik, beyaz cüce veya nötron yıldızına dönüşürler. Bir yıldızın süpernova sonrasında nötron yıldızı olabilmesi için Güneşten 4 ila 8 kat büyük olması gerekir. Güneş kadar olan yıldızlar nötron değil, beyaz cüceye dönüşürler. Yıldız yapısında bulunan hidrojeni helyuma, helyumu da karbona dönüştürerek yaşamını sürdürür. Bu reaksiyonlar yıldızın kütle çekim kuvveti ile dış basıncının dengede olmasını sağlar.</description>
    </item>
    
    <item>
      <title>Evreni Saran Enerji: Kozmik Mikrodalga Arkaplan Işıması</title>
      <link>https://reborn.sabahlatan.com/posts/2015/04/evrenin-her-kosesini-kaplayan-enerji-kozmik-mikrodalga-arkaplan-isimasi/</link>
      <pubDate>Fri, 17 Apr 2015 00:00:00 +0000</pubDate>
      
      <guid>https://reborn.sabahlatan.com/posts/2015/04/evrenin-her-kosesini-kaplayan-enerji-kozmik-mikrodalga-arkaplan-isimasi/</guid>
      <description>Evrenin yaklaşık 13.7 milyar yıl önce Big Bang denen olay ile birlikte oluştuğu yapılan hesaplamalar sonucu biliniyor. Big Bang teorisinden bu kadar emin olunabilmesinin nedeni kolayca gözlemlenebilir sonuçlarında yatıyor. Her şeyden önce evrendeki gök cisimlerinin bir arada bulunduğu en büyük yapılar olan galaksiler birbirlerinden hızla uzaklaşıyor. Ayrıca evrenin her noktasına yayılmış olan bir radyasyon da Big Bang&amp;rsquo;in kuvvetli bir kanıtı. Televizyonda frekansı ayarlanmamış boş bir kanal açtığınızda görülen karıncalanmanın, radyoda aynı şekilde görülen cızırtıların nedeni bu arkaplan ışımasıdır.</description>
    </item>
    
    <item>
      <title>Kuasar Nedir, Ne Değildir II</title>
      <link>https://reborn.sabahlatan.com/posts/2015/04/kuasar-nedir-ne-degildir-ii/</link>
      <pubDate>Tue, 14 Apr 2015 00:00:00 +0000</pubDate>
      
      <guid>https://reborn.sabahlatan.com/posts/2015/04/kuasar-nedir-ne-degildir-ii/</guid>
      <description>Uçsuz bucaksız evrende keşfedilmeyi bekleyen sayısız gök cismi bulunur. Sırlarla dolu bir evrende yaşamaktayız. Evrenin en uzak ve karanlık köşelerinde ulaşamayacağımız galaksiler, gezegenler, yıldızlar, kara delikler, kuasarlar ve henüz keşfedemediğimiz birçok göz cismi bulunur. Bunlardan biri olan kuasar muazzam parlaklığıyla dikkatini çekmektedir.
Kuasar Nedir? Kuasarların evrenin genç zamanlarında oluştuğu tahmin edilmektedir. İlk olarak merkezlerindeki devasa kara deliklerin çekim gücüne kapılan çok fazla maddenin ısınıp ışık yaymasıyla muazzam bir parlama kazandıkları düşünülmekteydi.</description>
    </item>
    
    <item>
      <title>Diğer Gezegenleri Dünyalaştırmak: Terraforming</title>
      <link>https://reborn.sabahlatan.com/posts/2015/04/diger-gezegenleri-dunyalastirmak-terraforming/</link>
      <pubDate>Sun, 12 Apr 2015 00:00:00 +0000</pubDate>
      
      <guid>https://reborn.sabahlatan.com/posts/2015/04/diger-gezegenleri-dunyalastirmak-terraforming/</guid>
      <description>Petrolün bulunup işlenmeye başlanması, motorlu taşıtların icadı ve Sanayi Devrimi’nden sonra Dünya hızlı bir şekilde kirlenmeye başladı. Fabrikaların kimyasal atıkları, ormanların tahrip edilmesi, fabrika ve motorlu taşıtların atmosfere saldıkları karbondioksit Dünyanın dengesini bozmaya yetmiştir. Su kirliliği, hava kirliliği atmosferdeki ozon tabakasının zayıflaması (Ozon tabakası Güneşten gelen ultraviyole ışınlarını tutan tabaka) zararlarını göstermeye başladı. Küresel iklim değişiklikleri, asit yağmurları, kuruyan göller, nesli tükenen canlılar, kuraklık ve doğal felaketler bize yakın zamanda Dünyanın yaşanılamayacak bir yer olacağını gösteriyor.</description>
    </item>
    
    <item>
      <title>10 - 20 Yıla Dünya Dışı Yaşamla Karşılaşmak</title>
      <link>https://reborn.sabahlatan.com/posts/2015/04/10-20-yil-icerisinde-dunya-disi-yasamla-karsilasabilmek/</link>
      <pubDate>Sat, 11 Apr 2015 00:00:00 +0000</pubDate>
      
      <guid>https://reborn.sabahlatan.com/posts/2015/04/10-20-yil-icerisinde-dunya-disi-yasamla-karsilasabilmek/</guid>
      <description>Son günlerde NASA&amp;rsquo;dan gelen &amp;ldquo;Gelecek 10-20 yıl içerisinde uzaylılarla karşılaşmaya hazır olun&amp;rdquo; açıklaması gündemde olan konulardan biri. Açıklamayı NASA bünyesindeki önde gelen bilimadamlarından olan Ellen Stofan yapıyor. Bu eleman 10 yıl içerisinde dünya dışı yaşama dair kesin kanıtlar bulacakları konusunda emin. &amp;ldquo;Nereye bakacağımızı biliyoruz, nasıl bakacağımızı biliyoruz, teknolojimiz de var, saçım şekil önümden çekil&amp;rdquo; diyor. Yine NASA&amp;rsquo;da Heliofizik Bölüm Direktörü olarak bulunan Jeffrey Newmark da yandan kafayı uzatarak: &amp;ldquo;Bulacağız ama burada bilinçli küçük yeşil adamlardan değil; bakteriyel bir yaşamdan bahsediyoruz.</description>
    </item>
    
    <item>
      <title>Işığın Dahi Kaçamadığı Gökcismi: Karadelik</title>
      <link>https://reborn.sabahlatan.com/posts/2015/04/isigin-dahi-kacamadigi-gizemli-gokcisimleri-karadelikler/</link>
      <pubDate>Thu, 09 Apr 2015 00:00:00 +0000</pubDate>
      
      <guid>https://reborn.sabahlatan.com/posts/2015/04/isigin-dahi-kacamadigi-gizemli-gokcisimleri-karadelikler/</guid>
      <description>Karadelikler güneşten birkaç kat daha büyük yıldızların son evresidir. Karadelikler, muazzam bir çekim gücüne sahip, ışığı dahi içine çekip kaçmasına izin vermeyen gök cisimleridir. Karadeliklerin sonsuz kütleye sahip oldukları varsayılır. Bu kütlelerine rağmen hacimleri çok küçüktür. Kilometrelerle ifade edilebilecek kadar küçüktürler. Karadelik kavramı Albert Einstein&amp;rsquo;ın genel görelilik kuramıyla ortaya çıkmıştır. Sonra Karl Schwarzschild &amp;ldquo;Einstein alan denklemleri&amp;rdquo; adlı kara deliğin varlığı ortaya atan bir yazı yayınlamıştır. 1971 yılında ilk karadelik Uhuru uydusu tarafından Kuğu takımyıldızında tespit edilmiştir.</description>
    </item>
    
    <item>
      <title>Kuasar Nedir, Ne Değildir</title>
      <link>https://reborn.sabahlatan.com/posts/2015/04/kuasar-nedir-ne-degildir/</link>
      <pubDate>Wed, 08 Apr 2015 00:00:00 +0000</pubDate>
      
      <guid>https://reborn.sabahlatan.com/posts/2015/04/kuasar-nedir-ne-degildir/</guid>
      <description>Evrenin geri kalanında yer alan gözlemlenebilir objelerle kıyaslandığında çevresine muazzam güçte enerji yayan gök cisimlerine kuasar deniyor. İngilizcede Quasar ismi &amp;ldquo;Yıldız benzeri radyo kaynağı&amp;rdquo; anlamına gelen &amp;ldquo;Quasi-stellar radio source&amp;rdquo; ifadesinden gelmekte. Standart bir galaksiye nazaran milyonlarca kat küçük boyutlarda olmalarına rağmen bu gök cisimleri bir galaksiden çok daha parlak ve yüksek enerjiye sahip olarak gözlemleniyor. Radyo dalgaları dahi yayabilen bu cisimler ilk keşfedildiklerinde bunların dünyanın gözlemlenebilir evreninde yalnızca en uzak köşelerde, en yaşlı gök cisimleri oldukları düşünülüyordu.</description>
    </item>
    
  </channel>
</rss>
