<?xml version="1.0" encoding="utf-8" standalone="yes"?>
<rss version="2.0" xmlns:atom="http://www.w3.org/2005/Atom">
  <channel>
    <title>genel-kultur on Sabahlatan</title>
    <link>https://reborn.sabahlatan.com/categories/genel-kultur/</link>
    <description>Recent content in genel-kultur on Sabahlatan</description>
    <generator>Hugo -- gohugo.io</generator>
    <language>tr-tr</language>
    <lastBuildDate>Sun, 28 Jun 2020 00:00:00 +0000</lastBuildDate><atom:link href="https://reborn.sabahlatan.com/categories/genel-kultur/index.xml" rel="self" type="application/rss+xml" />
    <item>
      <title>P2P Network Yapısı ve Kullanım Alanları</title>
      <link>https://reborn.sabahlatan.com/blog/p2p-network-ve-kullanim-alanlari/</link>
      <pubDate>Sun, 28 Jun 2020 00:00:00 +0000</pubDate>
      
      <guid>https://reborn.sabahlatan.com/blog/p2p-network-ve-kullanim-alanlari/</guid>
      <description>Merhabalar, bu yazımızda çokça duyduğunuz bir kavram hakkında bilgiler vereceğim. Konu P2P, yani peer to peer, Türkçesi ile eşten eşe bağlantı. P2P bir çeşit ağ mimarisidir. 1999 yılında Napster adlı dosya paylaşım sistemi, bu mimarinin yaygınlığını büyük ölçüde arttırmıştır. P2P sisteminde temel olarak bir takım bilgisayar ve cihazlar, birbirleri ile bir ağ oluştururlar. Bu ağ üzerindeki her cihaz, diğerleri ile aynı haklara ve görevlere sahiptir. Herhangi bir eş bir diğerine göre ayrıcalıklı değildir ve ağın merkezinde diğerlerine göre öncelikli olan bir yönetici cihazı yoktur.</description>
    </item>
    
    <item>
      <title>Altın Oran Hakkında</title>
      <link>https://reborn.sabahlatan.com/blog/altin-oran-hakkinda/</link>
      <pubDate>Wed, 17 Apr 2019 00:00:00 +0000</pubDate>
      
      <guid>https://reborn.sabahlatan.com/blog/altin-oran-hakkinda/</guid>
      <description>Konuya Giriş &amp;ldquo;Bu şekil var olan en güzel eğridir.&amp;quot; Alfred Russel Wallace (1823-1913)
Bir doğru parçası düşünelim. Bu doğru parçası belirli bir yol uzunluğu veya kağıtta çizdiğimiz herhangi bir uzunluktan ibaret olabilir. Yeter ki gözümüzle gördüğümüz bir doğru parçası olsun.
Hiç Fibonacci sayılarını duydunuz mu? Evet yukarıdaki söze sahip kişinin bulduğu sayılar. Konuyla çok alakası var. Her sayıyı kendisinden öncekiyle topluyoruz. Doğal sayılar kümesinde 0 dan başlayalım.
0+0 yine sıfır etti.</description>
    </item>
    
    <item>
      <title>Greyfurt ile İlaç Tüketilir mi?</title>
      <link>https://reborn.sabahlatan.com/blog/greyfurt-ile-ilac-tuketilir-mi/</link>
      <pubDate>Wed, 06 Mar 2019 00:00:00 +0000</pubDate>
      
      <guid>https://reborn.sabahlatan.com/blog/greyfurt-ile-ilac-tuketilir-mi/</guid>
      <description>Bu yazımız herhangi bir tıbbi öneri veya tedavi şekli önermemektedir. Genel kültür kapsamında verilecek olan bu bilgiler yapılan çalışmalar ve sağlık haberlerinden derlenmiştir. İyi okumalar.
Hepinize merhaba arkadaşlar. Geçen kış mevsiminde ki artık bahar ayına giriyoruz, C vitamini, potasyum ve magnezyum kaynağı greyfurtu buldukça yedik buldukça suyunu içtik. Ancak uzmanların dikkatli olmamızı istediği bir konu var. Bazı ilaçları alırken greyfurt tüketmememiz isteniyor. Bunun nedeni ise greyfurtun bileşiminde yer alan bir takım maddeler, ilaçların parçalanmasını sağlayan sitrokom p450 (CYP 450) enziminin gücünü yok etmesinden kaynaklanıyor.</description>
    </item>
    
    <item>
      <title>Geleceğin Yakıtı Biyoyakıtlar</title>
      <link>https://reborn.sabahlatan.com/blog/gelecegin-yakiti-biyoyakitlar/</link>
      <pubDate>Mon, 04 Mar 2019 00:00:00 +0000</pubDate>
      
      <guid>https://reborn.sabahlatan.com/blog/gelecegin-yakiti-biyoyakitlar/</guid>
      <description>Öncelikle merhaba arkadaşlar. Bu yazımızda dünyada tükenen fosil yakıtlar nedeniyle bir alternatif yakıt olarak düşünülen biyoyakıt konusunu inceleyeceğiz. Keyifli okumalar arkadaşlar.
Öncelikle Birkaç Tanım Tanımlardan sıkıldığınızı biliyorum arkadaşlar. Ancak bir kaç şeyin ne olduğunu bilmekte fayda var. Çünkü yazımızın ilerleyen kısımlarında bu kelime gruplarıyla sonradan karşılaşmak ve tam olarak ne olduğunu bilmemek sıkıntı çıkartabilir. Bu tanımları bilenleri tenzih ederim.
Enerji Bitkisi Nedir? Enerji bitkisini T.C. Enerji ve Tabi Kaynaklar Bakanlığına bağlı Yenilenebilir Enerji Müdürlüğü “Enerji ormanları, ve ağaç endüstrisi atıklarından elde edilen bio-dizel, atenol gibi çeşitli yakıtlar, tarım kesimindeki bitkisel ve hayvansal atıklar, kentsel atıklar, tarıma dayalı endüstri atıkları modern biyokütle enerjisinin kaynağıdır.</description>
    </item>
    
    <item>
      <title>Yumurta Rengi: Neden Bazıları Kahverengi, Bazıları Beyazdır</title>
      <link>https://reborn.sabahlatan.com/blog/tavuk-ve-yumurta-rengi/</link>
      <pubDate>Wed, 27 Feb 2019 00:00:00 +0000</pubDate>
      
      <guid>https://reborn.sabahlatan.com/blog/tavuk-ve-yumurta-rengi/</guid>
      <description>Okumayı sevenler için bu yazımızda tavuğun (Gallus gallus domesticus) yumurta rengi, rengi belirleyen faktörler ve maddeler, durumun genetik yapısı, yumurta rengi ile kalitede bir linkage var mı gibi konulardan bahsedeceğiz. Biraz genetikten bahsedeceğiz, birazda genel birkaç bilgiden. Kısa bir paragraf yazısını bilgilerle dolduruyoruz. Baştan biz senine anlaşalım. Sonra bozuşmayalım neden yazı uzun diye. Bu yazı öyle iki satır kaynakçasız bilgiden oluşmuyor. Eğer ki sadece kahverengi yumurta ile beyaz yumurta arasında bir fark var mı diye buraya geldiysen yanlış yerdesin.</description>
    </item>
    
    <item>
      <title>Kısmi Rezerv Sistemi</title>
      <link>https://reborn.sabahlatan.com/blog/kismi-rezerv-sistemi/</link>
      <pubDate>Wed, 05 Sep 2018 00:00:00 +0000</pubDate>
      
      <guid>https://reborn.sabahlatan.com/blog/kismi-rezerv-sistemi/</guid>
      <description>Her ne kadar para insanlık tarihinde sonradan icat edilen kavramlardan biri olsa da, bugün hayattaki birçok alanın temeli olmuş durumda. İnsanlığın en ilginç eylemlerinden biri de kendi kurduğu bu para sistemini hackleyerek, bu sistemin açıklarından faydalanarak para kazanmaya çalışması. Kısmi rezerv sistemi de bu tarz sistemlerin başında geliyor. Bankalar bu kısmi rezerv sistemini kullanarak parayla oyun hamuru gibi oynuyor, yoktan para yaratıyor.
Kısmi rezerv sistemi aslında kısmen de olsa aşina olunan bir kavram.</description>
    </item>
    
    <item>
      <title>Domatesin İlginç Tarihi</title>
      <link>https://reborn.sabahlatan.com/blog/domatesin-ilginc-tarihi/</link>
      <pubDate>Mon, 03 Sep 2018 00:00:00 +0000</pubDate>
      
      <guid>https://reborn.sabahlatan.com/blog/domatesin-ilginc-tarihi/</guid>
      <description>Bundan yaklaşık 500 yıl önce domates görseydiniz muhtemelen yemezdiniz. Çünkü Avrupalılar tarafından pek beğenilmemiş hatta zehirli olduğu düşünülmüş bir bitki. Peki domates soframıza nasıl girdi? Öncelikle domatesin kökenine bakalım.
Domatesin Kökeni ve Yayılması Domatesin kökeni Amerika’dır. Peru, Şili, Bolivya ve Ekvator&amp;rsquo;da doğal olarak yetişmektedir. Amerika&amp;rsquo;nın yerlileri olan Aztekler domates yetiştiriciliği yapmaktaydılar. Ancak ilk defa kimlerin domatesi kültüre aldığı tam olarak bilinmiyor. Aztekler bu bitkiye Tomatl ismini vermişlerdi. İspanyollar buna tomate dediler ve dilimize domates olarak girdi.</description>
    </item>
    
    <item>
      <title>Okyanuslardaki Dev Çöp Adaları ve Onları Ülke Yapma Çabası</title>
      <link>https://reborn.sabahlatan.com/blog/okyanuslardaki-ulke-olmaya-aday-dev-cop-adalari/</link>
      <pubDate>Wed, 22 Aug 2018 00:00:00 +0000</pubDate>
      
      <guid>https://reborn.sabahlatan.com/blog/okyanuslardaki-ulke-olmaya-aday-dev-cop-adalari/</guid>
      <description>Dünya üzerindeki kirlilik devasa boyutlara ulaşmış durumda. Özellikle su kaynaklarındaki kirlenme canlılığı büyük oranda tehdit ediyor. Çöpler ve atıklar besin zincirlerinin içine her geçen gün daha fazla girmekte. Bu yüzden zincirin neresinde olursa olsun neredeyse tüm canlılık bundan kötü bir şekilde etkileniyor. Atıkların canlılara biyolojik etkilerinin yanı sıra direkt olarak olumsuz fiziksel etkileri de çok fazla. Başta kuşlar olmak üzere balıklar, kaplumbağalar ve sayısız canlı çöplerden dolayı telef oluyor.
İnsanlığın plastiği yoğun bir şekilde dünya çapında kullanmaya başlaması geçen yüzyılın yarısından daha öteye gitmese de, artık insanoğlu başa çıkamayacağı büyüklükte dev plastik çöp kütleleri oluşturmuş durumda.</description>
    </item>
    
    <item>
      <title>Neden Para Basarak Ekonomi Düzeltilemez</title>
      <link>https://reborn.sabahlatan.com/blog/neden-para-basarak-ekonomi-duzeltilemez/</link>
      <pubDate>Mon, 20 Aug 2018 00:00:00 +0000</pubDate>
      
      <guid>https://reborn.sabahlatan.com/blog/neden-para-basarak-ekonomi-duzeltilemez/</guid>
      <description>Şu aralar pek çok kişiden duymuşsunuzdur. Neden para basıp borçlarımızı ödemiyoruz. Bu konudaki düşüncelerimi söylemem gerekirse, öncelikle söylemem gereken şey şu ki uluslararası ticarette yoğunlukla kullanılan para birimi dolardır. Bir diğeri de euro. Yani siz hangi ülke ile ticaret yaparsanız yapın sizden isteyeceği başlıca para birimi dolardır.
Peki neden dolar bu kadar önemli? Öncelikle Amerika güçlü bir ekonomiye sahiptir. 18 trilyon dolarlık ekonomiye sahip bir ülkedir. Askeri, teknolojik ve ekonomik gücüyle dünyada da söz sahibi bir ülkedir.</description>
    </item>
    
    <item>
      <title>Ozon ve Ozon Tabakası Hakkında Az Bilinenler</title>
      <link>https://reborn.sabahlatan.com/blog/ozon-ve-ozon-tabakasi-hakkinda-az-bilinenler/</link>
      <pubDate>Sat, 18 Aug 2018 00:00:00 +0000</pubDate>
      
      <guid>https://reborn.sabahlatan.com/blog/ozon-ve-ozon-tabakasi-hakkinda-az-bilinenler/</guid>
      <description>Dünya atmosferinde yer alan ozon tabakasının, diğer adıyla ozonosferin biyosfer yani Dünya üzerindeki yaşam için ne kadar önemli olduğunu biliyorsunuzdur. Dünya için kalkan görevi gören iki tabaka, ozonosfer ve manyetosfer canlılığı yok edebilecek radyoaktif ışınlardan biyosferi büyük oranda koruyor. Bir atmosfer tabakası olmayan Dünya manyetosferine daha sonra başka bir yazıda gireriz.
Öncelikle ozon molekülünden bahsedelim. Trioksijen adı da verilen ozon, 3 adet oksijen atomunun bağ yaparak oluşturduğu bir oksijen allotropu. Renksiz bir gaz olan ozon kolay kolay stoklanamaz çünkü sıcaklık arttıkça oksijene dönüşmeye başlar.</description>
    </item>
    
    <item>
      <title>Elektriği Anlamak</title>
      <link>https://reborn.sabahlatan.com/blog/elektrigi-anlamak/</link>
      <pubDate>Fri, 17 Aug 2018 00:00:00 +0000</pubDate>
      
      <guid>https://reborn.sabahlatan.com/blog/elektrigi-anlamak/</guid>
      <description>Dünya üzerinde bu kadar çok kullanılmasına ve hayatın kilit kavramlarından biri haline gelmesine rağmen, gündelik olarak hakkında en az şey bilinen fenomenlerin başında elektrik akımı gelir muhtemelen. Elektrik dendiğinde ilk bakışta cansız maddelere bir nevi canlılık veren bir enerji akışı gibi görünmesi doğal. Aslında elektrik çok temel prensiplere dayanıyor.
Elektrik kelimesinin etimolojisinden başlayalım. Elektrik kelimesinin kökeni Kehribar (amber) anlamına gelen Latince electrum ve Yunanca ἤλεκτρον (ēlektron) kelimelerine dayanıyor. Bu iki kelimenin kökeni ise &amp;ldquo;ışık saçan güneş&amp;rdquo; anlamına gelen ἠλέκτωρ (ēlektōr) kelimesinden geliyor.</description>
    </item>
    
    <item>
      <title>Graham Sayısı ve Diğer Devasa Sayılar</title>
      <link>https://reborn.sabahlatan.com/blog/graham-sayisi-ve-diger-devasa-sayilar/</link>
      <pubDate>Tue, 14 Aug 2018 00:00:00 +0000</pubDate>
      
      <guid>https://reborn.sabahlatan.com/blog/graham-sayisi-ve-diger-devasa-sayilar/</guid>
      <description>İnsanlar günlük yaşantısında genellikle milyar üstü sayılarla pek uğraşmaz. Bu yüzden de trilyon ve sonrası çok karıştırılır. Ancak bilişim ve bilgisayar bilimlerinin uzantısı olan teknolojiler söz konusu olduğunda büyük sayılar günlük hayatın içine girmeye başlar. Bunun nedeni ise gelişen teknoloji ve sürekli olarak katlanan kapasitelerdir. Çünkü sınırlar mecburi olarak çok aşağıya konuldu, bit ve Byte bugün için çok küçük değerler. Her bir jenerasyonda hafıza birimleri, aktarım hızları, işlem güçleri bin katına çıkıyor.</description>
    </item>
    
    <item>
      <title>Sargasso Denizi: Kıyısı Olmayan Tek Deniz</title>
      <link>https://reborn.sabahlatan.com/blog/sargasso-denizi-kiyisiz-deniz/</link>
      <pubDate>Mon, 13 Aug 2018 00:00:00 +0000</pubDate>
      
      <guid>https://reborn.sabahlatan.com/blog/sargasso-denizi-kiyisiz-deniz/</guid>
      <description>Dünya üzerindeki uzaktan bakıldığında en kolay seçilen, en büyük su kütlelerine okyanus adı veriliyor. Okyanus, tanımı gereği çok belirsiz bir kavram, dolayısıyla dünyanın çeşitli yerlerinde okyanuslar farklı şekillerde sınıflandırılmakta. Denizler ise okyanusların karaların içlerine giren parçaları olarak tanımlanıyor. İnsanlık tarafından tarih boyunca defalarca unutuluyor olsa da, dünya yüzeyindeki tüm su kütleleri karaların boşluklarını dolduran, dünya için oldukça ince bir tabakadan ibaret. Doğal olarak denizler de dahil her su kütlesinin karalarla kıyısı olmak zorunda.</description>
    </item>
    
    <item>
      <title>Podcast Nedir, Ne Değildir</title>
      <link>https://reborn.sabahlatan.com/blog/podcast-nedir-ne-degildir/</link>
      <pubDate>Sun, 12 Aug 2018 00:00:00 +0000</pubDate>
      
      <guid>https://reborn.sabahlatan.com/blog/podcast-nedir-ne-degildir/</guid>
      <description>Son zamanlarda Türkiye&amp;rsquo;de popülaritesi oldukça artıyor olsa da, podcast kavramı çoğu zaman yanlış biliniyor. Özellikle podcast&amp;rsquo;i Youtube gibi video paylaşım sitelerinden öğrenenler bu teknolojiyi olduğundan çok farklı bir sınıfa sokuyor. Popüler olmasının bir başka nedeni ise Spotify gibi platformlar&amp;rsquo;a gelen podcast desteği. Podcast ilk bakışta kayıtlı radyo programı olarak da algılanabilir, fakat bundan çok daha kapsamlı bir kavram. Halihazırda radyolar ve televizyonlar dahil birçok kuruluş yayınlarını podcast olarak sunmayı tercih edebiliyor.</description>
    </item>
    
    <item>
      <title>Retro Nedir? Retro Hakkında Bir Yazı</title>
      <link>https://reborn.sabahlatan.com/blog/retro-nedir-retro-hakkinda-bir-yazi/</link>
      <pubDate>Sat, 07 Apr 2018 00:00:00 +0000</pubDate>
      
      <guid>https://reborn.sabahlatan.com/blog/retro-nedir-retro-hakkinda-bir-yazi/</guid>
      <description>Retro; kasten yakın geçmişin moda, film, oyun, müzik vb. türeten veya taklit eden tarzdır. Türetilen ya da taklit edilen şeyin ise üzerinden en azından bir 20 yıl geçmesi gerekir. Örnek vermek gerekirse üzerinden bir, iki sene geçmiş bir filmin taklidi retro sayılmaz ancak üzerinden 34 sene geçmiş bir film olan Terminatör (ilk filmi) taklit edilebilir.
Hani şu bir evin yakınına meteor düşüyordu&amp;hellip;Hani arkadaşlarınızla o eve gidiyordunuz&amp;hellip;
Retro oyunlardan bahsetmek istiyorum. Retro bakımından günümüzde tasarım olarak kendisini gösteren en iyi oyunlardan birisi (biraz eskidi gerçi) FarCry: Blood Dragon.</description>
    </item>
    
    <item>
      <title>Şah - Mat</title>
      <link>https://reborn.sabahlatan.com/blog/sah-mat/</link>
      <pubDate>Sat, 01 Apr 2017 00:00:00 +0000</pubDate>
      
      <guid>https://reborn.sabahlatan.com/blog/sah-mat/</guid>
      <description>Satranç, kimilerine göre kumar, kimilerine göre de şeytan icadı olmuştur. Ve lakin ikisi de değildir. Satranç 8x8&amp;rsquo;lik kare şeklindeki bir tahta parçasında, çeşitli görevlere sahip taşlar ile oynanan bir oyundur.
Hayatımızın her alanında bu oyunun yansımasını gördüğümüzü düşünüyorum. Atacağımız her adım &amp;lsquo;hayat&amp;rsquo; tahtasında oynayacağımız bir hamledir. Bu yüzdendir ki toplumun her kesiminden insan bu oyunu keyifle oynar.
Bu oyun öyle cinsiyete de bakmaz. Zira ilkokulda yenemediğim tek oyuncu bir &amp;lsquo;Simge&amp;rsquo; adında bir kızdı.</description>
    </item>
    
    <item>
      <title>Kan: Vücudu Bir Bütün Haline Getiren Yapı</title>
      <link>https://reborn.sabahlatan.com/blog/vucudu-bir-butun-haline-getiren-yapi-kan/</link>
      <pubDate>Tue, 28 Mar 2017 00:00:00 +0000</pubDate>
      
      <guid>https://reborn.sabahlatan.com/blog/vucudu-bir-butun-haline-getiren-yapi-kan/</guid>
      <description>Kan tarih boyunca insanlığın oluşturduğu kültürlerde her zaman büyük önem taşımıştır. Kimi dinlerde kanın canın kaynağı olduğuna inanıldığından dolayı kanlı et yenmez, kimi milletlerde devleti yöneten kişilerin kanının kutsal olduğuna inanılıp onlara suikast düzenlendiğinde kanı akıtılmadan, boğarak öldürülür. Kan herhangi bir doğaüstü güce sahip olmasa da, vücut için en önemli yapıların başında geliyor. Çok hücreli canlıların artık daha karmaşık yapılara sahip olmaya başladığı nokta karşılaşılan en önemli yapılardan biri olarak kan ve dolaşım sistemi görülüyor.</description>
    </item>
    
    <item>
      <title>Nokia&#39;nın Bilinmeyenleri</title>
      <link>https://reborn.sabahlatan.com/blog/nokianin-bilinmeyenleri/</link>
      <pubDate>Fri, 10 Mar 2017 00:00:00 +0000</pubDate>
      
      <guid>https://reborn.sabahlatan.com/blog/nokianin-bilinmeyenleri/</guid>
      <description>Bu yazı uzun süre önce aklımdaydı, fakat şu günler Nokia 3310 adı altında yeni bir telefonun piyasaya sürülmesi bunu şu an daha anlamlı kılacaktır. Bunun nedeni bu yazının içeriğinin Microsoft tarafından satın alınmadan önceki Nokia hakkında olması.
Hepsinden önce Nokia hakkındaki son gelişmelere bir göz atalım. Yeni tanıtılan telefonun Nokia 3310&amp;rsquo;la hiçbir alakası veya cezbedici hiçbir yanı yok, bunu fark etmişsinizdir. Aynı boyuttaki eski tuşlu telefon modelleri arasında, çeşitli markaların aynen bu şekilde cihazları mevcuttu.</description>
    </item>
    
    <item>
      <title>Ateş: Dünya&#39;nın Özel Yeteneği</title>
      <link>https://reborn.sabahlatan.com/blog/ates-dunyanin-ozel-yetenegi/</link>
      <pubDate>Thu, 15 Dec 2016 00:00:00 +0000</pubDate>
      
      <guid>https://reborn.sabahlatan.com/blog/ates-dunyanin-ozel-yetenegi/</guid>
      <description>Ateş insanoğlu için çok yaygın bir olgu olsa da, kendisini tanımlayabilmek oldukça güç. Ateş bir kimyasal tepkime veya madde değil, oksijen elementinin diğer maddelerle girdiği tepkime sonucu ortaya çıkan enerji ve madde paketidir. Tepkimenin adı yanma tepkimesidir, ateş bu tepkimenin bir ara ürünü olarak ortaya çıkar. Bu paket içerisinde iyonize olmayan, yani canlıların genetik yapısında değişim ortaya çıkarmayan çeşitli radyasyon türleri ve plazma halinde gazlar bulunur.
Ateş karbondioksit, su buharı, oksijen ve azot gibi gazları bünyesinde bulundurur ve yeterince yüksek sıcaklığa ulaşmışsa bu gazlar plazma haline geçer.</description>
    </item>
    
    <item>
      <title>Ketçap Nasıl Balık Salamurasından Domatesli Sosa Dönüştü</title>
      <link>https://reborn.sabahlatan.com/blog/ketcabin-tarihcesi/</link>
      <pubDate>Mon, 31 Oct 2016 00:00:00 +0000</pubDate>
      
      <guid>https://reborn.sabahlatan.com/blog/ketcabin-tarihcesi/</guid>
      <description>Birçok insanın vazgeçilmezi olan, her markette rafları dolduran ketçabın tarihi aslında bildiğimizden daha eskidir. Günümüzde ketçap denilince akla ilk olarak domates gelmektedir. Modern ketçaplar domates sosudur. Peki ya ketçabın ilk olarak balıktan yapıldığını biliyor muydunuz?
17.yüzyılda Çin&amp;rsquo;de kullanılan bir yöntem ketçabın temellerini oluşturur. O dönemlerde nemli havadan dolayı balıkları kurutarak muhafaza etmek pek mümkün değildi. Bu nedenle balıklar tuzlu suda salamura yapılarak muhafaza ediliyordu. Salamura balık ve baharatlarla bir sos hazırlanıyor ve bu sos yemeklerde kullanılıyordu.</description>
    </item>
    
    <item>
      <title>Deus Ex Machina</title>
      <link>https://reborn.sabahlatan.com/blog/deus-ex-machina/</link>
      <pubDate>Thu, 27 Oct 2016 00:00:00 +0000</pubDate>
      
      <guid>https://reborn.sabahlatan.com/blog/deus-ex-machina/</guid>
      <description>Antik Yunan ve Roma tiyatrosunda, gitgide karmaşıklaşan oyun senaryolarını, iç içe giren olay örgülerini tek seferde çözüme ulaştırmak için kullanılan yöntemin adı olan Latince bir terim deus ex machina. Bugünkü eserlerde de kendine yer buluyor. Esasında çok basit bir kavram. İfadenin kökenine bakıldığında ismini karşılayan, net bir uygulama görülüyor. Deus ex machina ifadesi &amp;ldquo;makineden tanrı&amp;rdquo; anlamını taşır. Oyun boyunca işler karmakarışık bir hale geliyor ve oyunun sonunda mekanik bir düzenek yardımıyla yukarı kaldırılan, tanrıyı oynayan bir karakter her şeyi olması gereken hale getiriyor.</description>
    </item>
    
    <item>
      <title>Henoteizm: Hepsine İnanıp Birine Tapmak</title>
      <link>https://reborn.sabahlatan.com/blog/henoteizm-hepsine-inanip-birine-tapmak/</link>
      <pubDate>Tue, 25 Oct 2016 00:00:00 +0000</pubDate>
      
      <guid>https://reborn.sabahlatan.com/blog/henoteizm-hepsine-inanip-birine-tapmak/</guid>
      <description>Tek tanrılı (monoteist) birçok din başlangıç aşamasında çok tanrılı (politeist) bir yapıya sahiptir. Tek tanrılığa geçiş ve bu tanrının formunun değişip daha az detaylı, daha gizemli ve insan formundan uzak bir hal alması çeşitli süreçler aracılığıyla gerçekleşir. Tanrılar aralarından bir tanrıyı seçip güçlerini ona verebilir, onu baş tanrı seçip kendileri de din içerisinde melek olarak hayatlarını sürdülebilir veya bu diğer tanrılar yenilip yok olabilir.
Henoteizm bu geçiş aşamasındaki ilginç bir sürecin ismi.</description>
    </item>
    
    <item>
      <title>Mikrodalga Fırın Nasıl Çalışır</title>
      <link>https://reborn.sabahlatan.com/blog/mikrodalga-firin-nasil-calisir/</link>
      <pubDate>Sun, 18 Sep 2016 00:00:00 +0000</pubDate>
      
      <guid>https://reborn.sabahlatan.com/blog/mikrodalga-firin-nasil-calisir/</guid>
      <description>Mikrodalga fırının gıdaları pişirme yöntemi geleneksel ısıtma yöntemlerinden çok daha farklıdır. Standart bir ocakta veya fırında gıdanın içinde bulunduğu materyal veya çevresi ısıtılır, bu sayede gıdaya ulaşan ısı onu dıştan içe doğru pişirmeye başlar. Ürünün en son pişen kısmı ortasıdır. Bu yüzden yeterince tecrübe edinilmemişse tüm gıdayı yakmadan iç kısmı pişirmek veya çiğ kalmasına engel olmak esas problemdir.
Ocak üzerine konan tencere, tava gibi aletler içerisinde bulunan gıdalar; ocakla aralarındaki bu genellikle metal olan tabakanın ısınıp, bu ısıyı yavaşça daha uzakta olan katmanlara ulaştırması ile olur.</description>
    </item>
    
    <item>
      <title>Mağara Alegorisi</title>
      <link>https://reborn.sabahlatan.com/blog/magara-alegorisi/</link>
      <pubDate>Sun, 28 Aug 2016 00:00:00 +0000</pubDate>
      
      <guid>https://reborn.sabahlatan.com/blog/magara-alegorisi/</guid>
      <description>Toplum ile filozof arasındaki uçurumları en iyi şekilde anlatmış olan Platon aslında eski toplumlardan günümüze kadar olan bir durumu betimlemiştir. Düşüncenin ışığına ulaşmış olan filozoflar toplumlar tarafından tam olarak anlaşılmamıştır. Belirli kalıplara sıkışmış olan toplumlar farklı düşüncelere kapalı bir şekilde yaşamaya devam etmiştir. Düşüncenin ışığından yoksun yaşayan toplumlar farklı düşüncelere karşı düşmanca davranmış ve bu ışığa ulaşmış olan insanları da dışlamıştır. Platon&amp;rsquo;un Mağara Alegorisi bunu en iyi şekilde dile getirir.</description>
    </item>
    
    <item>
      <title>Buzdolabı Nasıl Soğutur</title>
      <link>https://reborn.sabahlatan.com/blog/buzdolabi-nasil-sogutur/</link>
      <pubDate>Sat, 25 Jun 2016 00:00:00 +0000</pubDate>
      
      <guid>https://reborn.sabahlatan.com/blog/buzdolabi-nasil-sogutur/</guid>
      <description>Evlerde kullanılan beyaz eşyalar içerisinde, çalışma prensibi gündelik hayattaki bilgilerle kolayca anlaşılamayacak olan iki cihaz vardır. Birincisi mikrodalga fırın iken diğeri buzdolabıdır. Diğer beyaz eşyalar içerisinde bulunan ve direkt olarak kullanılan ısıtıcı devreler, motorlar gibi temel devre elemanları dolayısıyla kolaylıkla anlaşılabilir. Tabii burada eşyaların en temel görevini yaptığı, en basit formundan bahsediyoruz. Birçok ürüne sonradan eklenen dijital kontrol panelleri, zamanlama üniteleri bu konuya dahil değil.
Bir nesneyi ısıtmak bu evrendeki en kolay eylemlerden biridir.</description>
    </item>
    
    <item>
      <title>Büyük Set Resifi</title>
      <link>https://reborn.sabahlatan.com/blog/buyuk-set-resifi/</link>
      <pubDate>Wed, 25 Nov 2015 00:00:00 +0000</pubDate>
      
      <guid>https://reborn.sabahlatan.com/blog/buyuk-set-resifi/</guid>
      <description>Avustralya yakınlarında Mercan Denizi&amp;rsquo;nde bulunan Büyük Set Resifi (Great Barrier Reef) dünya üzerinde canlı organizmalardan oluşan devasa tek yapıdır. Çoğu yerde yanlış bir şekilde &amp;ldquo;dünyanın en büyük canlısı&amp;rdquo; şeklinde anılsa da, bu yapı milyarlarca canlıdan oluşmuş büyük bir ekosistemdir. Milyarlarca mercan polipi bu yapı içinde bir arada bulunur. Bu resif yaklaşık 2300 kilometre uzunluğundadır ve uydu görüntülerinde kolayca seçilebilir.
Su canlıları içinde bulundukları yoğun, katalize oranı yüksek ortam ve rahat üç boyutlu hareket imkanı ile kara canlılarına nazaran çok daha rahat birbirleriyle ilişki halinde bulunabilir.</description>
    </item>
    
    <item>
      <title>Gazlı İçeceklerin Yapısı ve Tat Dışı Sindirim Duyuları</title>
      <link>https://reborn.sabahlatan.com/blog/gazli-icecekler-ve-tat-disi-sindirim-duyulari/</link>
      <pubDate>Mon, 05 Oct 2015 00:00:00 +0000</pubDate>
      
      <guid>https://reborn.sabahlatan.com/blog/gazli-icecekler-ve-tat-disi-sindirim-duyulari/</guid>
      <description>İnsanlar aslında tat olmayan fakat ağız ve yutak çevresinde farklı hislere neden olan gıdaları deneyimlemekten haz duyar. Bu yüzden aslında bitkinin kendini savunmak için geliştirdiği, ağızda yanma hissine neden olan acı etkisi ve gazlı içeceklerin ağızda bıraktığı gıdıklanma hissi insanların hoşuna gider. Bunlar birer tat değil, tat almaya yatkın ve sindirim sisteminde diğer organlara nazaran daha hassas reseptörlere sahip organları tahriş eden veya etkileşimde bulunan etmenlerden ibarettir.
Bir gazlı içeceğin temeli soda isimli bir içecektir.</description>
    </item>
    
    <item>
      <title>Q Klavye ve Tuhaf Ortaya Çıkış Hikayesi</title>
      <link>https://reborn.sabahlatan.com/blog/ortaya-cikis-amaci-yavas-yazmak-olan-q-klavye/</link>
      <pubDate>Mon, 25 May 2015 00:00:00 +0000</pubDate>
      
      <guid>https://reborn.sabahlatan.com/blog/ortaya-cikis-amaci-yavas-yazmak-olan-q-klavye/</guid>
      <description>Q klavyenin, ya da QWERTY klavyenin kullanım popülaritesi ve insanların Q klavyeye olan yüksek alışkanlıkları tartışılmaz bir gerçek. Bilgisayar kullanan hemen herkes belli bir süreç sonrasında bu klavye türüne gittikçe alışıyor ve kullanırken son derece hızlı yazmaya başlıyor. Türkiye&amp;rsquo;deki devlet kurumlarında milli klavye olarak kabul edilen F klavyenin yaygınlaştırılma çabası elbette çoğu kişinin hoşuna gitmiyor. Q klavye üzerindeki tuşlara yerinde basmak artık bir refleks haline gelmişken bambaşka bir klavye türünü kullanmak insanları ters köşeye yatırıyor.</description>
    </item>
    
    <item>
      <title>Dünya&#39;nın Gerçek Oksijen Kaynakları Ağaçlar Değildir</title>
      <link>https://reborn.sabahlatan.com/blog/dunyanin-gercek-oksijen-kaynagi-algler/</link>
      <pubDate>Fri, 22 May 2015 00:00:00 +0000</pubDate>
      
      <guid>https://reborn.sabahlatan.com/blog/dunyanin-gercek-oksijen-kaynagi-algler/</guid>
      <description>Geçmişten günümüze kadar bize öğretilen bilgi, bitkilerin asıl oksijen kaynağı olduğudur. Aslında bu doğru değildir. Dünya&amp;rsquo;daki oksijenin çoğu aslında başka canlılar tarafından üretilir. Bize öğretilen bu bilgiler belki de insanların doğayı koruması ve ağaçları kesmemeleri için öğretilmiş olabilir. Sonuçta Dünya&amp;rsquo;da ekolojik denge mevcuttur. Ormanların yok olması da bu ekolojik dengeyi bozabilen faktörlerden biridir. Dünya&amp;rsquo;daki tüm ormanlar oksijenin yaklaşık %20&amp;rsquo;si kadarını fotosentez yoluyla üretmektedir. Geriye kalan kısmını ise Su yosunları yani &amp;ldquo;Algler&amp;rdquo; üretmektedir.</description>
    </item>
    
    <item>
      <title>Bitkilerde Etoburluk</title>
      <link>https://reborn.sabahlatan.com/blog/bitkilerde-etoburluk/</link>
      <pubDate>Wed, 20 May 2015 00:00:00 +0000</pubDate>
      
      <guid>https://reborn.sabahlatan.com/blog/bitkilerde-etoburluk/</guid>
      <description>Evrimleşme süreci bazı bitkiler üzerinde farklı gelişmelere neden olmuştur. Genel olarak bitkiler fotosentez yapan, üreten ve gerekli besinini topraktan alan canlılar olarak bilinirler. Ancak bazı nedenlerden dolayı kimi bitkilerde etoburluk görülmektedir. Bu bitkilere Etobur (Karnivor) bitkiler denmektedir.
Etobur bitkileri diğer bitkilerden ayıran özellikleri böcek, sinek, örümcek gibi küçük hayvanları sindirmesidir. Diğer bitkiler gibi iletim demetleri, çiçek, yaprağa sahiptir. Bu bitkiler canlıların ilgisini daha çekecek kadar renkli ve güzel kokulara sahiptirler. Bu sayede hareketsiz haldeyken yemeklerini kendilerine çekerler.</description>
    </item>
    
    <item>
      <title>Ektoplazma Nedir?</title>
      <link>https://reborn.sabahlatan.com/blog/ektoplazma-nedir/</link>
      <pubDate>Wed, 20 May 2015 00:00:00 +0000</pubDate>
      
      <guid>https://reborn.sabahlatan.com/blog/ektoplazma-nedir/</guid>
      <description>Metafizik ile uğraşan insanların uydurduğu en enteresan kavramlardan biri ektoplazma (İngilizcesi ectoplasm). Ektoplazma kısaca trans haline girmiş medyumların vücutlarının sağından solundan çıktığı, havada yayılabildiği söylenen, kimi zaman gözle görülüp elle dokunulabildiği iddia edilen bir madde türü. Bu kavramı tanımlarken süptil madde ifadesi kullanılıyor. Süptil yoğunluğu az, ince anlamında kullanılan bir kelime. Kökeni ise İngilizce &amp;ldquo;anlaşılması zor&amp;rdquo; anlamına gelen subtle kelimesinden geliyor. Arama motorlarından &amp;ldquo;Ektoplazma&amp;rdquo; şeklinde bir arama gerçekleştirecek olursanız tamamı siyah beyaz, 18.</description>
    </item>
    
    <item>
      <title>Ölümden Sonra Yaşam İnanışı</title>
      <link>https://reborn.sabahlatan.com/blog/olumden-sonra-yasam-inanisi/</link>
      <pubDate>Mon, 04 May 2015 00:00:00 +0000</pubDate>
      
      <guid>https://reborn.sabahlatan.com/blog/olumden-sonra-yasam-inanisi/</guid>
      <description>Ölümden sonra yaşam inancı tarih boyunca var olmuş çoğu kültürde görülür. Çoğu inancın temelini ve çok önemli noktalarından birini oluşturan bu kavram insanlığın hayatın en gerçek olgusu olan ölümü kabullenememesinden kaynaklanır. Hayat boyunca elde edilen tecrübeler, maddi ve manevi kazanımların öldükten sonra tamamen yok olacak olması kolay kabullenilecek bir gerçek değildir. Bu yüzden bu inancın en ilkel hallerinin görüldüğü toplumlarda ölen kişiyi - özellikle çeşitli vasıflara sahip kabul ediliyorsa - hayattayken yanında olan canlılar ve eşyalarıyla gömmek gibi eylemlere rastlanır.</description>
    </item>
    
    <item>
      <title>Hong Kong&#39;ta DNA Analizi ile Çöp Atanlar Tespit Ediliyor</title>
      <link>https://reborn.sabahlatan.com/blog/hong-kongta-dna-analizi-ile-cop-atanlar-tespit-ediliyor/</link>
      <pubDate>Tue, 28 Apr 2015 00:00:00 +0000</pubDate>
      
      <guid>https://reborn.sabahlatan.com/blog/hong-kongta-dna-analizi-ile-cop-atanlar-tespit-ediliyor/</guid>
      <description>Hong Kong&amp;rsquo;ta sokakları temiz tutmak adına başlatılan çalışma bir hayli ilginç. Çevre kirliliği üzerine yapılan en iyi çalışma diyebiliriz. Hong Kong&amp;rsquo;ta &amp;ldquo;The Face of Litter&amp;rdquo; (Çöplerin Yüzü) kampanyası ile bilim kurgu filmlerini aratmayan bir kampanya başlatıldı. Sokakları temiz tutmak adına başlatılan kampanyada The Nature Conservancy ve Ecozine beraber çalışıyor. Amaç sokağa atılan çöplerdeki DNA&amp;rsquo;lardan yararlanarak bunları kimin attığını tespit etmek. Dna analizi yapılarak yere çöp atanlar tespit ediliyor.
Öncelikle sokaklarda yere atılan çöpler toplanıyor.</description>
    </item>
    
    <item>
      <title>Subliminal Mesaj ve 25.Kare Tekniği</title>
      <link>https://reborn.sabahlatan.com/blog/subliminal-mesaj-ve-25-kare-teknigi/</link>
      <pubDate>Mon, 27 Apr 2015 00:00:00 +0000</pubDate>
      
      <guid>https://reborn.sabahlatan.com/blog/subliminal-mesaj-ve-25-kare-teknigi/</guid>
      <description>Teknoloji ve film sektörünün gelişmesiyle beraber görüntü teknikleri de zamanla gelişti. Bunlardan biri olan subliminal mesaj insanı kalıcı olarak etkileyebilen bir tekniktir. Subliminal mesaj; bilinçaltını etkileyen gizli mesajlardır diyebiliriz. Ses veya görüntülerle çok kısa bir şekilde bilinçaltına bir mesaj gönderilebilir. Bilinçaltına gönderilen bu mesajlar insan hayatını, karakterini etkileyecek bir şekilde kalıcılaşır.
Peki ya bilinçaltı nedir? Bilinçaltı buz dağının altıdır. Bilinçaltı hayatımızın her anıdır. Biz farkında olmadan çalışır. Beş duyumuzla algıladığımız her şeyi kaydeder.</description>
    </item>
    
    <item>
      <title>Nükleer Enerji Santrali Nedir? Yararları ve Zararları</title>
      <link>https://reborn.sabahlatan.com/blog/nukleer-enerji-santrali-nedir-yararlari-ve-zararlari/</link>
      <pubDate>Sat, 25 Apr 2015 00:00:00 +0000</pubDate>
      
      <guid>https://reborn.sabahlatan.com/blog/nukleer-enerji-santrali-nedir-yararlari-ve-zararlari/</guid>
      <description>Nükleer enerji santrali, bilinenin aksine daha az zararlı olup termik ve hidroelektrik santrallerin çevreye verdiği zarardan daha az zarar vermektedir. Ancak bu hiç zarar vermediği anlamına gelmez. Olası bir kaza veya sızıntı durumunda hiç olmadığı kadar zarar verebilmektedir. Sadece bulunduğu çevreye değil yüzlerce kilometre bir alana zarar verebilir. Nükleer santral, yüksek önlemler alındığında ve nükleer atıklar gerekli şekilde depolandığında bir ülkenin yıllarca elektrik enerjisini sağlamakta en iyi yöntemdir. Bu yüzden pek çok ülkede bulunmaktadır.</description>
    </item>
    
    <item>
      <title>Bozulması İçin Üretilen Cihazlar ve Planlı Eskitme</title>
      <link>https://reborn.sabahlatan.com/blog/bozulmasi-icin-uretilen-cihazlar-ve-planli-eskitme/</link>
      <pubDate>Thu, 23 Apr 2015 00:00:00 +0000</pubDate>
      
      <guid>https://reborn.sabahlatan.com/blog/bozulmasi-icin-uretilen-cihazlar-ve-planli-eskitme/</guid>
      <description>Bir ürün aldınız, birkaç sene kullandınız ve durup dururken bu ürün işe yaramaz hale geldi. Kolayca hasar görmüş olabilir. Diğer yandan hasar görmemiş ve dış görünüşünün sorunsuz halde olmasına rağmen iş görmüyor da olabilir. Fark edilebileceği üzere tüm ürünler kullanılmaya başlandıktan belli bir süre sonra ıskartaya çıkmakta. Komplo teorilerine göre bunlar tesadüf değil, üretimde uygulanan bir stratejinin sonucu. Planlı eskitme veya kasıtlı eskitme denen bu olgu yüzünden seri üretime sahip tüm ürünler, tüm cihazlar belli bir kullanım ömründen sonra bozulacak veya iş görmeyecek hale gelecek şekilde üretiliyor.</description>
    </item>
    
    <item>
      <title>Kontrol Edilebilen Rüya: Lucid Rüya</title>
      <link>https://reborn.sabahlatan.com/blog/kontrol-edilebilen-ruya-lucid-ruya/</link>
      <pubDate>Sun, 19 Apr 2015 00:00:00 +0000</pubDate>
      
      <guid>https://reborn.sabahlatan.com/blog/kontrol-edilebilen-ruya-lucid-ruya/</guid>
      <description>Bize çok sıradan gibi gelen, her gece gördüğümüz rüyalar aslında karmaşık ve çözülemeyen bir durumdur. Herkes rüya görür ancak kimi insanlar bunu hatırlayamaz. Kimileri ise gördüğü rüyalara anlam bulmaya çalışır. Çünkü bir çok rüya türü vardır. Bunlardan biri olan Lucid rüya oldukça ilginçtir. Öncelikle rüyanın ne olduğuna bakalım.
Rüya Nedir? Rüya, uykunun hızlı göz hareketi (REM) ile ilgili olan, görsel, işitsel algı ve duygulardır diyebiliriz. Uykunun genel özelliklerindendir. Rüyaların işleyişi ve mantığı hala anlaşılabilir değildir.</description>
    </item>
    
    <item>
      <title>En Enteresan 5 Fobi</title>
      <link>https://reborn.sabahlatan.com/blog/en-enteresan-5-fobi/</link>
      <pubDate>Thu, 09 Apr 2015 00:00:00 +0000</pubDate>
      
      <guid>https://reborn.sabahlatan.com/blog/en-enteresan-5-fobi/</guid>
      <description>Her canlı kendini meydana getiren evrimsel sürecin bir sonucu olarak kendini tehdit eden faktörlerden kaçınır. Korku bu tehditlere karşı savunmada kalma halidir. Bu kavramın daima yaşamı tehdit eden somut bir durum olması gerekmiyor, bilinçaltında yer alan tamamlanmamış veriler de korkuya neden olabilir. Korkular artık insanın hayatını etkileyecek seviyede olduğunda ise bunlara fobi adı veriliyor. Fobisi olan insana da &amp;ldquo;fobik&amp;rdquo; deniyor - Kullanırım lan ben bunu -. Kişi fobilerinin mantıksız olduğunu bilse dahi bunlardan kolaylıkla kurtulamıyor.</description>
    </item>
    
  </channel>
</rss>
