<?xml version="1.0" encoding="utf-8" standalone="yes"?>
<rss version="2.0" xmlns:atom="http://www.w3.org/2005/Atom">
  <channel>
    <title>teoloji on Sabahlatan</title>
    <link>https://reborn.sabahlatan.com/categories/teoloji/</link>
    <description>Recent content in teoloji on Sabahlatan</description>
    <generator>Hugo -- gohugo.io</generator>
    <language>tr-tr</language>
    <lastBuildDate>Tue, 25 Oct 2016 00:00:00 +0000</lastBuildDate><atom:link href="https://reborn.sabahlatan.com/categories/teoloji/index.xml" rel="self" type="application/rss+xml" />
    <item>
      <title>Henoteizm: Hepsine İnanıp Birine Tapmak</title>
      <link>https://reborn.sabahlatan.com/posts/2016/10/henoteizm-hepsine-inanip-birine-tapmak/</link>
      <pubDate>Tue, 25 Oct 2016 00:00:00 +0000</pubDate>
      
      <guid>https://reborn.sabahlatan.com/posts/2016/10/henoteizm-hepsine-inanip-birine-tapmak/</guid>
      <description>Tek tanrılı (monoteist) birçok din başlangıç aşamasında çok tanrılı (politeist) bir yapıya sahiptir. Tek tanrılığa geçiş ve bu tanrının formunun değişip daha az detaylı, daha gizemli ve insan formundan uzak bir hal alması çeşitli süreçler aracılığıyla gerçekleşir. Tanrılar aralarından bir tanrıyı seçip güçlerini ona verebilir, onu baş tanrı seçip kendileri de din içerisinde melek olarak hayatlarını sürdülebilir veya bu diğer tanrılar yenilip yok olabilir.
Henoteizm bu geçiş aşamasındaki ilginç bir sürecin ismi.</description>
    </item>
    
    <item>
      <title>Ölümden Sonra Yaşam İnanışı</title>
      <link>https://reborn.sabahlatan.com/posts/2015/05/olumden-sonra-yasam-inanisi/</link>
      <pubDate>Mon, 04 May 2015 00:00:00 +0000</pubDate>
      
      <guid>https://reborn.sabahlatan.com/posts/2015/05/olumden-sonra-yasam-inanisi/</guid>
      <description>Ölümden sonra yaşam inancı tarih boyunca var olmuş çoğu kültürde görülür. Çoğu inancın temelini ve çok önemli noktalarından birini oluşturan bu kavram insanlığın hayatın en gerçek olgusu olan ölümü kabullenememesinden kaynaklanır. Hayat boyunca elde edilen tecrübeler, maddi ve manevi kazanımların öldükten sonra tamamen yok olacak olması kolay kabullenilecek bir gerçek değildir. Bu yüzden bu inancın en ilkel hallerinin görüldüğü toplumlarda ölen kişiyi - özellikle çeşitli vasıflara sahip kabul ediliyorsa - hayattayken yanında olan canlılar ve eşyalarıyla gömmek gibi eylemlere rastlanır.</description>
    </item>
    
  </channel>
</rss>
