<?xml version="1.0" encoding="utf-8" standalone="yes"?>
<rss version="2.0" xmlns:atom="http://www.w3.org/2005/Atom">
  <channel>
    <title>bilim on Sabahlatan</title>
    <link>https://reborn.sabahlatan.com/categories/bilim/</link>
    <description>Recent content in bilim on Sabahlatan</description>
    <generator>Hugo -- gohugo.io</generator>
    <language>tr-tr</language>
    <lastBuildDate>Mon, 31 Aug 2020 00:00:00 +0000</lastBuildDate><atom:link href="https://reborn.sabahlatan.com/categories/bilim/index.xml" rel="self" type="application/rss+xml" />
    <item>
      <title>Bir yıldız nasıl doğar?</title>
      <link>https://reborn.sabahlatan.com/posts/2020/08/bir-yildiz-nasil-dogar/</link>
      <pubDate>Mon, 31 Aug 2020 00:00:00 +0000</pubDate>
      
      <guid>https://reborn.sabahlatan.com/posts/2020/08/bir-yildiz-nasil-dogar/</guid>
      <description>Merhabalar, bu yazımda sizlere bir yıldız nasıl doğar sorusunun cevabını vereceğim.
Cevap: Yerçekimi.
Bu sorunun cevabını net bir şekilde anlayabilmek için bazı konu başlıklarına değinmemiz gerekir. Bunlardan ilki tabii ki yer çekimi.
Kütlesi olan her şeyin bir kütle çekim kuvveti vardır. Biz bu kuvvete yer çekimi adını vermekteyiz. Big Bang gerçekleştiğinde etrafa muazzam ölçüde hidrojen atomu saçılmıştır. Başıboş halde Big Bang&amp;rsquo;in merkezinden etrafa saçılan hidrojen atomları bir süre sonra kütle çekim kuvvetinden dolayı bir araya gelmeye başlamıştır.</description>
    </item>
    
    <item>
      <title>Güneş Sistemi İçerisindeki İstisnalar</title>
      <link>https://reborn.sabahlatan.com/posts/2018/08/gunes-sistemi-icerisindeki-istisnalar/</link>
      <pubDate>Tue, 28 Aug 2018 00:00:00 +0000</pubDate>
      
      <guid>https://reborn.sabahlatan.com/posts/2018/08/gunes-sistemi-icerisindeki-istisnalar/</guid>
      <description>İlk bakışta öyle görünse de Güneş Sistemi düzenli bir yapıda değildir. Oldukça asimetrik ve içinde birtakım istisnai özellikler taşıyan gökcisimleri barındıran bir oluşumdur. Kimi gökcisimleri diğerlerine ters yönde dönerken, kimileri uydusu olduğu cisme oranda oldukça büyüktür, kimisinin kolay açıklanamayan hareketleri vardır.
Güneş Sistemi içindeki tüm gezegenler tam olarak aynı olmasa da çok yakın açılarla aynı düzlem üzerinde Güneş etrafında döner. Buna gezegensel disk deniyor. Gezegenlikten çıkarılıp cüce gezegen ilan edilmeden önce Plüton&amp;rsquo;un bu gezegensel diski yarıp geçen çok enteresan bir yörüngesi vardı.</description>
    </item>
    
    <item>
      <title>Ozon ve Ozon Tabakası Hakkında Az Bilinenler</title>
      <link>https://reborn.sabahlatan.com/posts/2018/08/ozon-ve-ozon-tabakasi-hakkinda-az-bilinenler/</link>
      <pubDate>Sat, 18 Aug 2018 00:00:00 +0000</pubDate>
      
      <guid>https://reborn.sabahlatan.com/posts/2018/08/ozon-ve-ozon-tabakasi-hakkinda-az-bilinenler/</guid>
      <description>Dünya atmosferinde yer alan ozon tabakasının, diğer adıyla ozonosferin biyosfer yani Dünya üzerindeki yaşam için ne kadar önemli olduğunu biliyorsunuzdur. Dünya için kalkan görevi gören iki tabaka, ozonosfer ve manyetosfer canlılığı yok edebilecek radyoaktif ışınlardan biyosferi büyük oranda koruyor. Bir atmosfer tabakası olmayan Dünya manyetosferine daha sonra başka bir yazıda gireriz.
Öncelikle ozon molekülünden bahsedelim. Trioksijen adı da verilen ozon, 3 adet oksijen atomunun bağ yaparak oluşturduğu bir oksijen allotropu. Renksiz bir gaz olan ozon kolay kolay stoklanamaz çünkü sıcaklık arttıkça oksijene dönüşmeye başlar.</description>
    </item>
    
    <item>
      <title>Elektriği Anlamak</title>
      <link>https://reborn.sabahlatan.com/posts/2018/08/elektrigi-anlamak/</link>
      <pubDate>Fri, 17 Aug 2018 00:00:00 +0000</pubDate>
      
      <guid>https://reborn.sabahlatan.com/posts/2018/08/elektrigi-anlamak/</guid>
      <description>Dünya üzerinde bu kadar çok kullanılmasına ve hayatın kilit kavramlarından biri haline gelmesine rağmen, gündelik olarak hakkında en az şey bilinen fenomenlerin başında elektrik akımı gelir muhtemelen. Elektrik dendiğinde ilk bakışta cansız maddelere bir nevi canlılık veren bir enerji akışı gibi görünmesi doğal. Aslında elektrik çok temel prensiplere dayanıyor.
Elektrik kelimesinin etimolojisinden başlayalım. Elektrik kelimesinin kökeni Kehribar (amber) anlamına gelen Latince electrum ve Yunanca ἤλεκτρον (ēlektron) kelimelerine dayanıyor. Bu iki kelimenin kökeni ise &amp;ldquo;ışık saçan güneş&amp;rdquo; anlamına gelen ἠλέκτωρ (ēlektōr) kelimesinden geliyor.</description>
    </item>
    
    <item>
      <title>Gözle Görülebilen Bakteri</title>
      <link>https://reborn.sabahlatan.com/posts/2018/08/gozle-gorulebilen-bakteri/</link>
      <pubDate>Thu, 16 Aug 2018 00:00:00 +0000</pubDate>
      
      <guid>https://reborn.sabahlatan.com/posts/2018/08/gozle-gorulebilen-bakteri/</guid>
      <description>İnsanlık genel olarak tek hücreli canlıları çıplak gözle görebilmeyi beklemez. Günlük yaşantıda pek karşılaşılmamasının yanı sıra, hücre yapısı için de sağlıklı bir durum değil tek bir hücrenin çok büyük boyutlara ulaşması. Hücre dahil her üç boyutlu cisim için hacim ve yüzey belli bir dengede kalmalıdır. Hücre zarının kalınlığı kolay kolay artmadığından hücrenin belli bir limiti vardır. Hacim / Kütle oranı yeterince arttığı zaman hücre tekrar denge durumuna ulaşmak için bölünür ve büyüklüğünü çok arttırmadan bu şekilde türünü devam ettirir.</description>
    </item>
    
    <item>
      <title>Gökcisimlerinin Çekirdekleri</title>
      <link>https://reborn.sabahlatan.com/posts/2018/08/gokcisimlerinin-cekirdekleri/</link>
      <pubDate>Wed, 15 Aug 2018 00:00:00 +0000</pubDate>
      
      <guid>https://reborn.sabahlatan.com/posts/2018/08/gokcisimlerinin-cekirdekleri/</guid>
      <description>Başta Dünya ve diğer gezegenler olmak üzere, gökcisimlerinin kütleleri ve iç yapısı insanlık tarafından biliniyor. Günlük yaşamda bir nesnenin kütlesini tartarak ölçen, iç yapısını onu kırarak, veya kimi zaman bir aşama ileri gidip X-ışınlarıyla öğrenen insanoğlu için bu konu biraz kafa karışıklığı yaratabilir. Tabii bunun için radyasyonu kullanmak da yalnızca yumuşak ve görece ince yapılar söz konusu olduğunda yer. Bir de bunu her istenen yerde uygulayabilmek için Tüm bu veriler tamamen dolaylı yöntemlerle elde ediliyor.</description>
    </item>
    
    <item>
      <title>Evrimini Durduran Canlı</title>
      <link>https://reborn.sabahlatan.com/posts/2018/08/evrimini-durduran-canli/</link>
      <pubDate>Fri, 10 Aug 2018 00:00:00 +0000</pubDate>
      
      <guid>https://reborn.sabahlatan.com/posts/2018/08/evrimini-durduran-canli/</guid>
      <description>Dünyanın bugünkü ekosistemine dahil olan tüm canlılık birbirini dengeleyecek bir şekilde hayat buluyor, insan dışında. Bunun nedeni ise dünya üzerindeki karbon temelli canlılığın diğer canlıları tüketerek bir döngü içinde yer alması ve sürekli olarak bir denge durumuna girilmesi. Güneş&amp;rsquo;in bir kızıl dev olmaya başlayacağı tarihlerde yüksek sıcaklıktan dolayı dünya üzerinde var olabilen tek canlı tuzcul bakteriler olacak olsa da, dünyanın şimdiki ekosisteminde durum bu şekilde. Virüs ve viroid gibi varlıklar canlı sınıfına tam olarak girmediğinden dolayı onlar için bu geçerli değil, onları gıda olarak kullanan canlılar olmadığı için kontrolsüzce artma potansiyeline sahipler.</description>
    </item>
    
    <item>
      <title>Nanopor Teknolojisi ve DNA Nanotop Dizilemesi</title>
      <link>https://reborn.sabahlatan.com/posts/2018/04/nanopor-teknolojisi-eng-nanopore-technologies-ve-dna-nanotop-dizilemesi/</link>
      <pubDate>Sat, 07 Apr 2018 00:00:00 +0000</pubDate>
      
      <guid>https://reborn.sabahlatan.com/posts/2018/04/nanopor-teknolojisi-eng-nanopore-technologies-ve-dna-nanotop-dizilemesi/</guid>
      <description>Nanoteknoloji Nedir? Nano kelimesi Yunancadan nannos kelimesinden türemiştir. Nannos cüce ya da yaşlı küçük adam anlamına gelmektedir. Teknoloji ise yunanca da tekhne yani sanat, zanaat ve logos yani söz, sözcük anlamına gelen sözcüklerden oluşturulmuş ve sanatlar ya da zanaatlar üzerine konuşma anlamına gelmektedir. Tarhan ve arkadaşları ise nanoteknolojinin tanımını, “nanoteknoloji maddeler üzerinde 100 nanometre ölçeğinden küçük boyutlarda gerçekleştirilen işleme, ölçüm, tasarım, modelleme ve düzenleme gibi çalışmalarla maddeye atom ve molekül seviyesinde gelişmiş veya tamamen yeni fiziksel, kimyasal ve biyolojik özellikler kazandırmayı hedefleyen bilim ve teknoloji alanıdır” (2010) şeklinde yapmıştır.</description>
    </item>
    
    <item>
      <title>Duyuları ve Bilinci Aldatmak</title>
      <link>https://reborn.sabahlatan.com/posts/2017/12/bedeni-kandirmak/</link>
      <pubDate>Sat, 02 Dec 2017 00:00:00 +0000</pubDate>
      
      <guid>https://reborn.sabahlatan.com/posts/2017/12/bedeni-kandirmak/</guid>
      <description>Duyu organları ve bunlardan gelen sinyallere göre hesaplama yapan birimler görevini genellikle olması gerektiği gibi yerine getirse de, çok kolay manipüle edilebilir bir yapıya sahip. Canlı vücutlarını incelemeden önce bilgisayarlardan örnek verelim. Zaman zaman bilgisayarlarınızı, makinelerinizi daha iyi veya ortamda az imkan olması durumunda kandırma gereği duyduğunuz oluyordur. Çalışmak için CD veya DVD okuyucuda bir disk görmeye ihtiyaç duyan yazılımları çalıştırmak için sanal sürücü kullanmak gibi, Pokémon GO oyununu oturduğunuz yerden oynamak için sahte GPS uygulamaları kullanmak gibi örnekler verilebilir.</description>
    </item>
    
    <item>
      <title>Piezoelektrik: Maddenin Kuyruğu Sıkışınca Elektrik Üretmesi</title>
      <link>https://reborn.sabahlatan.com/posts/2017/07/piezoelektrik-maddenin-kuyrugu-sikisinca-elektrik-uretmesi/</link>
      <pubDate>Sun, 02 Jul 2017 00:00:00 +0000</pubDate>
      
      <guid>https://reborn.sabahlatan.com/posts/2017/07/piezoelektrik-maddenin-kuyrugu-sikisinca-elektrik-uretmesi/</guid>
      <description>Elektrik akımı denen fenomen aslında çok basit bir şekilde oluşur. Mevzu tamamen iki nokta arasındaki gerilim, yani elektron miktarları arasındaki farkın varlığından dolayı elektronların bir noktadan diğer noktaya atlamasından ibarettir. Tabii bunun için bu iki yoğunluk farkı olan noktayı elektronların ilerleyebileceği bir yol ile, yani bir iletken ile birbirine bağladıktan sonra bu mümkün. Doğada geçebilecek yol bulan her madde yüksek yoğunluktan düşük yoğunluğa geçer, daha sık bölgelerden kurtularak daha seyrek bölgelere doğru yol alır.</description>
    </item>
    
    <item>
      <title>Kısaca Nanoteknoloji</title>
      <link>https://reborn.sabahlatan.com/posts/2017/05/kisaca-nanoteknoloji/</link>
      <pubDate>Tue, 02 May 2017 00:00:00 +0000</pubDate>
      
      <guid>https://reborn.sabahlatan.com/posts/2017/05/kisaca-nanoteknoloji/</guid>
      <description>Nanoteknoloji hayatımızın her köşesinde, geçen zaman sürecinde yer almaktadır. Bu bilim dalının ismine haberlerde, makalelerde veya herhangi bir sitede rastlamış olabilirsiniz. Kişisel olarak yaptığım araştırmalar sonucunda bulduğum bilgileri size aktarmak istemekteyim.
Nanoteknoloji Nedir? Nano kelimesi yunanca “küçük adam” veya “cüce” anlamına gelmektedir. Tekno kelimesinin kökeni ise yaptığım kısa bir araştırma sonucu kaynaklarda zanaat ile uğraşma, zanaat gibi anlamlarına geldiği belirtilmektedir.
İlk Zamanlar Nanoteknolojinin ilk tohumlarını Richard Feynman adlı fizikçi atmıştır. Aşağıda daha çok yer var adlı konuşmasında daha küçük eller, atomlara ya da maddelere moleküler düzeyde ya da atomsal düzeyde müdahaleler, operasyonlar yapılabileceğini konuşmasında belirtmiştir.</description>
    </item>
    
    <item>
      <title>Kan: Vücudu Bir Bütün Haline Getiren Yapı</title>
      <link>https://reborn.sabahlatan.com/posts/2017/03/vucudu-bir-butun-haline-getiren-yapi-kan/</link>
      <pubDate>Tue, 28 Mar 2017 00:00:00 +0000</pubDate>
      
      <guid>https://reborn.sabahlatan.com/posts/2017/03/vucudu-bir-butun-haline-getiren-yapi-kan/</guid>
      <description>Kan tarih boyunca insanlığın oluşturduğu kültürlerde her zaman büyük önem taşımıştır. Kimi dinlerde kanın canın kaynağı olduğuna inanıldığından dolayı kanlı et yenmez, kimi milletlerde devleti yöneten kişilerin kanının kutsal olduğuna inanılıp onlara suikast düzenlendiğinde kanı akıtılmadan, boğarak öldürülür. Kan herhangi bir doğaüstü güce sahip olmasa da, vücut için en önemli yapıların başında geliyor. Çok hücreli canlıların artık daha karmaşık yapılara sahip olmaya başladığı nokta karşılaşılan en önemli yapılardan biri olarak kan ve dolaşım sistemi görülüyor.</description>
    </item>
    
    <item>
      <title>Güneş Sisteminin En Tırt Gezegeni: Uranüs</title>
      <link>https://reborn.sabahlatan.com/posts/2017/02/gunes-sisteminin-en-tirt-gezegeni-uranus/</link>
      <pubDate>Fri, 17 Feb 2017 00:00:00 +0000</pubDate>
      
      <guid>https://reborn.sabahlatan.com/posts/2017/02/gunes-sisteminin-en-tirt-gezegeni-uranus/</guid>
      <description>Uranüs özelliksiz bir gezegen değil. Aslında Güneş Sistemi içindeki konumunda, kendine özgü birçok özelliği var. Fakat bu gezegen hiçbir zaman umursanamakta. Belgesellerde dahi üzerinde saatlerce isminin İngilizce telaffuzunun &amp;ldquo;Your anus&amp;rdquo; ifadesini andırması üzerine saatlerce geyik yapılır, özelliklerinden kısaca bahsedilir ve geçilir. Kendisine çok benzeyen Neptün dahi çok fazla şımartılan bir gezegen. Gerek rengi, gerek Plüton&amp;rsquo;un atılmasından sonra sistemdeki son gezegen sayılması, gerek üzerindeki büyük lekesi dolayısıyla Neptün&amp;rsquo;den her zaman uzun uzun bahsedilirken Uranüs&amp;rsquo;e karşı tık yoktur.</description>
    </item>
    
    <item>
      <title>Ateş: Dünya&#39;nın Özel Yeteneği</title>
      <link>https://reborn.sabahlatan.com/posts/2016/12/ates-dunyanin-ozel-yetenegi/</link>
      <pubDate>Thu, 15 Dec 2016 00:00:00 +0000</pubDate>
      
      <guid>https://reborn.sabahlatan.com/posts/2016/12/ates-dunyanin-ozel-yetenegi/</guid>
      <description>Ateş insanoğlu için çok yaygın bir olgu olsa da, kendisini tanımlayabilmek oldukça güç. Ateş bir kimyasal tepkime veya madde değil, oksijen elementinin diğer maddelerle girdiği tepkime sonucu ortaya çıkan enerji ve madde paketidir. Tepkimenin adı yanma tepkimesidir, ateş bu tepkimenin bir ara ürünü olarak ortaya çıkar. Bu paket içerisinde iyonize olmayan, yani canlıların genetik yapısında değişim ortaya çıkarmayan çeşitli radyasyon türleri ve plazma halinde gazlar bulunur.
Ateş karbondioksit, su buharı, oksijen ve azot gibi gazları bünyesinde bulundurur ve yeterince yüksek sıcaklığa ulaşmışsa bu gazlar plazma haline geçer.</description>
    </item>
    
    <item>
      <title>Cansızlık ve Canlılıktan Önceki Son Adımlar</title>
      <link>https://reborn.sabahlatan.com/posts/2016/12/cansizlik-ve-canliliktan-onceki-son-adimlar/</link>
      <pubDate>Mon, 12 Dec 2016 00:00:00 +0000</pubDate>
      
      <guid>https://reborn.sabahlatan.com/posts/2016/12/cansizlik-ve-canliliktan-onceki-son-adimlar/</guid>
      <description>Her insanın kafasında canlılıkla ilgili bir tanım, canlı ile cansız arasında net bir sınır vardır. Fakat bu konu mikrobiyolojik olarak ele alındığında bu kadar basit sonuçlar çıkmıyor. Ne kadar canlılık belli bir tanımın içerisine konularak, birtakım özelliklere göre sınıflandırılmak istense dahi en ilkel canlı ile en karmaşık cansız nesne arasında net bir sınır bulunamıyor. Tabii burada karmaşıklıktan kastedilen canlılığa özgü olan yapılar. Sonuç olarak belli varlıkların canlı mı veya cansız mı olduğuna henüz karar verilebilmiş değil.</description>
    </item>
    
    <item>
      <title>Antimadde Nedir</title>
      <link>https://reborn.sabahlatan.com/posts/2016/10/antimadde/</link>
      <pubDate>Fri, 28 Oct 2016 00:00:00 +0000</pubDate>
      
      <guid>https://reborn.sabahlatan.com/posts/2016/10/antimadde/</guid>
      <description>Bilindiği gibi maddeyi oluşturan protonlar artı, elektronlar eksi yüklüdür. Bilimsel kuramların çoğu bu değerleri temel alır. Fakat 1900&amp;rsquo;lü yılların başlangıcında çeşitli hesaplamalar sonucunda bunun tam aksi yönde özelliklere sahip olan maddeler olabileceği ortaya atıldı. Positron isimli karşıt elektronların, karşıt protonların varlığı mümkündü. İlerleyen yıllarda bu parçacıkların varlığı tespit edildi ve bunların bir araya gelerek madde oluşturabileceği kanıtlandı. Bugün insanoğlu bu konuda emekleme aşamasında olsa da, antimadde tıpta aktif olarak kullanılıyor.</description>
    </item>
    
    <item>
      <title>Astronomi, Uzay ve Gökyüzü Gözlem Uygulamaları</title>
      <link>https://reborn.sabahlatan.com/posts/2016/10/astronomi-uzay-ve-gokyuzu-gozlem-uygulamalari/</link>
      <pubDate>Thu, 27 Oct 2016 00:00:00 +0000</pubDate>
      
      <guid>https://reborn.sabahlatan.com/posts/2016/10/astronomi-uzay-ve-gokyuzu-gozlem-uygulamalari/</guid>
      <description>Astronomiye, gökyüzü gözlemlerine ve evrenin derinliklerine meraklıysanız bu alanlarda ilginizi tatmin edecek çeşitli bilgisayar ve mobil uygulamaları mevcut. Bunlar ister bulunduğunuz yerde veya dünyanın herhangi bir noktasında gökyüzünde o an hangi gökcisimlerinin bulunduğunu öğrenmenizi, ister çeşitli gökcisimlerini yakından görmenizi ve tanımanızı sağlayacak uygulamalar. Her biri alternatiften ziyade, bir diğerinde olmayan özellikler taşıyor.
Stellarium Amatör olarak astronomiyle ilgileniyorsanız Stellarium&amp;rsquo;a aşina veya en azından adını duymuş olabilirsiniz. Stellarium açık kaynak kodlu bir bilgisayar uygulaması.</description>
    </item>
    
    <item>
      <title>Warp Drive: Işık Hızına Ulaşamıyorsan Evreni Dalgalandır</title>
      <link>https://reborn.sabahlatan.com/posts/2016/10/warp-drive-isik-hizina-ulasamiyorsan-evreni-dalgalandir/</link>
      <pubDate>Tue, 25 Oct 2016 00:00:00 +0000</pubDate>
      
      <guid>https://reborn.sabahlatan.com/posts/2016/10/warp-drive-isik-hizina-ulasamiyorsan-evreni-dalgalandir/</guid>
      <description>Değil Gözlemlenebilir Evren, değil Galaksiler, yalnızca yıldızlararası boşluklar dahi insan beyninin kavramakta zorlanacağı devasa mesafelere sahip. Güneş Sistemi dışında ulaşılabilecek en yakın yıldız sistemi olan Alfa Centauri yaklaşık 4 ışıkyılı uzaklıkta. Bu demek oluyor ki ışık hızıyla yapılan bir seyahat ile ancak 4 yılda o yıldıza ulaşılabilecek.
Gelgelelim insanoğlunun ışık hızına ulaşması bugünün bilimine göre mümkün değil. Işık hızına ulaşabilmek için enerjiye dönüşmek gerekir. Bir maddeyi gitgide ışık hızına yaklaştırdıkça o maddenin kütlesi Albert Einstein&amp;rsquo;ın denklemlerine göre hızla artar.</description>
    </item>
    
    <item>
      <title>Zamanda Yolculuk: Bilim Kurgunun En Önemli Kavramı</title>
      <link>https://reborn.sabahlatan.com/posts/2016/10/zamanda-yolculuk/</link>
      <pubDate>Sat, 22 Oct 2016 00:00:00 +0000</pubDate>
      
      <guid>https://reborn.sabahlatan.com/posts/2016/10/zamanda-yolculuk/</guid>
      <description>Bilindiği üzere zamanda yolculuk konusunun işlendiği tüm eserlerde bu kavram kurgu yaratıcısının elinde patlar. Çünkü özellikle geçmişe yolculuğun henüz bilimsel bir dayanağı yoktur. Bu konu hakkındaki tüm görüşler insanlar tarafından ortaya atılan hipotezlerdir. Bu fikirler de birbirinden fazlasıyla farklılık içerir. Söz konusu geçmişe yolculuk olduğunda tüm bu nedenlerden dolayı net bir taslak oluşamaz. Geçmişe gidilerek bir değişiklik yapıldığında gelecekte ne olacağını insanoğlu halen kafasında oturtamamıştır. Geleceğin değişeceği, geleceğin asla değişemeyeceği ve geçmişte yapılan değişikliğin aslında her zaman mevcut olduğu ve bir şekilde fark edilmediği, her değişiklik sonucunda paralel evrenler oluşturulduğu gibi görüşler farklı eserlerde farklı formatlarla işlenir.</description>
    </item>
    
    <item>
      <title>Evrim Teorisine Giriş</title>
      <link>https://reborn.sabahlatan.com/posts/2016/10/evrim-teorisine-giris/</link>
      <pubDate>Thu, 06 Oct 2016 00:00:00 +0000</pubDate>
      
      <guid>https://reborn.sabahlatan.com/posts/2016/10/evrim-teorisine-giris/</guid>
      <description>Evrim çoğunluk tarafından yanlış bilinir, fakat bu durum herkesin evrim hakkında bir fikri olmasını engellemez. Yeterince araştırmadan, yalnızca bir tanım duyarak yapılan yorumları sıklıkla çevrenizde görüyorsunuzdur. Bu yazıda temel amaç evrimin temel mekanizmalarına kısa bir giriş yaparak konunun daha iyi anlaşılması olacak.
Her şeyden önce evrim ilk canlının nasıl ortaya çıktığını açıklamaz. Bunun için farklı hipotezler vardır ve ikisi farklı alanlardır. Evrimin tesadüfle de alakası yoktur. Evrim kısaca canlıları doğanın istediği şekilde biçimlendiren mekanizmadır.</description>
    </item>
    
    <item>
      <title>Mikrodalga Fırın Nasıl Çalışır</title>
      <link>https://reborn.sabahlatan.com/posts/2016/09/mikrodalga-firin-nasil-calisir/</link>
      <pubDate>Sun, 18 Sep 2016 00:00:00 +0000</pubDate>
      
      <guid>https://reborn.sabahlatan.com/posts/2016/09/mikrodalga-firin-nasil-calisir/</guid>
      <description>Mikrodalga fırının gıdaları pişirme yöntemi geleneksel ısıtma yöntemlerinden çok daha farklıdır. Standart bir ocakta veya fırında gıdanın içinde bulunduğu materyal veya çevresi ısıtılır, bu sayede gıdaya ulaşan ısı onu dıştan içe doğru pişirmeye başlar. Ürünün en son pişen kısmı ortasıdır. Bu yüzden yeterince tecrübe edinilmemişse tüm gıdayı yakmadan iç kısmı pişirmek veya çiğ kalmasına engel olmak esas problemdir.
Ocak üzerine konan tencere, tava gibi aletler içerisinde bulunan gıdalar; ocakla aralarındaki bu genellikle metal olan tabakanın ısınıp, bu ısıyı yavaşça daha uzakta olan katmanlara ulaştırması ile olur.</description>
    </item>
    
    <item>
      <title>Buzdolabı Nasıl Soğutur</title>
      <link>https://reborn.sabahlatan.com/posts/2016/06/buzdolabi-nasil-sogutur/</link>
      <pubDate>Sat, 25 Jun 2016 00:00:00 +0000</pubDate>
      
      <guid>https://reborn.sabahlatan.com/posts/2016/06/buzdolabi-nasil-sogutur/</guid>
      <description>Evlerde kullanılan beyaz eşyalar içerisinde, çalışma prensibi gündelik hayattaki bilgilerle kolayca anlaşılamayacak olan iki cihaz vardır. Birincisi mikrodalga fırın iken diğeri buzdolabıdır. Diğer beyaz eşyalar içerisinde bulunan ve direkt olarak kullanılan ısıtıcı devreler, motorlar gibi temel devre elemanları dolayısıyla kolaylıkla anlaşılabilir. Tabii burada eşyaların en temel görevini yaptığı, en basit formundan bahsediyoruz. Birçok ürüne sonradan eklenen dijital kontrol panelleri, zamanlama üniteleri bu konuya dahil değil.
Bir nesneyi ısıtmak bu evrendeki en kolay eylemlerden biridir.</description>
    </item>
    
    <item>
      <title>Kuantum Bilgisayarı ve Qbit</title>
      <link>https://reborn.sabahlatan.com/posts/2016/04/kuantum-bilgisayari-ve-qbit/</link>
      <pubDate>Sun, 24 Apr 2016 00:00:00 +0000</pubDate>
      
      <guid>https://reborn.sabahlatan.com/posts/2016/04/kuantum-bilgisayari-ve-qbit/</guid>
      <description>Teknoloji hızla ilerliyor, fakat ne kadar ilerlerse ilerlesin bu gelişmeler genellikle tekdüze bir doğrultuda devam ediyor. Bilgisayar bilimlerinde Moore Yasası denen basit bir öngörü vardır. Buna göre her iki yılda bir bilgisayar işlemci kapasiteleri iki katına çıkarak artmaya devam eder. 20. yüzyılın ortalarından bu yana hemen hemen her zaman doğru çıkan bu öngörü son yıllarda işlememeye başlamıştır. İnsanoğlu şu an teknolojik bir duraklama evresindedir.
Bunun nedeni bilgisayarın tarihinde gizli. En başta analog sistemler şekilde doğan bilgisayarlar, vakum tüplerinin icadıyla dijital hale geldi ve bugüne kadar başta bilgisayarlar olmak üzere tüm elektronik aletler yavaş yavaş dijitalleşmeye başladı.</description>
    </item>
    
    <item>
      <title>Homunculus Nedir? Simya ve Sinirbilim Tanımları</title>
      <link>https://reborn.sabahlatan.com/posts/2015/11/beyindeki-bir-takim-adamlar-homunculus/</link>
      <pubDate>Mon, 30 Nov 2015 00:00:00 +0000</pubDate>
      
      <guid>https://reborn.sabahlatan.com/posts/2015/11/beyindeki-bir-takim-adamlar-homunculus/</guid>
      <description>Homunculus kelimesinin taşıdığı birden fazla anlam var. Fakat hepsinin buluştuğu temel nokta, küçük boyutlu bir insan figürü şeklinde. Homunculus kelimesi Latince &amp;ldquo;küçük adam&amp;rdquo; veya &amp;ldquo;adamcık&amp;rdquo; anlamına geliyor. &amp;ldquo;Homunculus nedir&amp;rdquo; dendiğinde karşımıza birden fazla anlam çıkıyor. Önce homunculus teriminin simya dünyasında ortaya çıkışına giriş yapalım, ardından asıl bilimsel yaklaşımı olan sinirbilimdeki yerine bakarız.
Simyada Homunculus Simyadaki Homunculus Tarifi Bu konuda kafa yoran en ünlü insanlardan biri 16. yüzyılda yaşamış olan, modern tıbbın temellerinin atılmasında önemli bir rolü olan Paracelsus idi.</description>
    </item>
    
    <item>
      <title>Kuantum Fiziği Nedir, Kuantum Fiziğine Giriş</title>
      <link>https://reborn.sabahlatan.com/posts/2015/11/kuantum-fizigi-nedir-ne-degildir/</link>
      <pubDate>Thu, 26 Nov 2015 00:00:00 +0000</pubDate>
      
      <guid>https://reborn.sabahlatan.com/posts/2015/11/kuantum-fizigi-nedir-ne-degildir/</guid>
      <description>Bilinen evrende bir varlık aynı anda iki yerde birden bulunamaz, bir yerden bir yere ışınlanamaz veya kolaylıkla enerjiye veya maddeye dönüşme yeteneğine sahip değildir. Kuantum mekaniği keşfedilene dek bilinen gerçek buydu. Kuantum teorileriyle ilgili çalışma yapan bilimadamlarının &amp;ldquo;kuantum mekaniğini anlamamak&amp;rdquo; ile ilgili bolca özdeyişi vardır. Bunun nedeni insanın içinde yaşadığı boyutlarda varlığını kesinlikle kabul ettiği yasaların kuantum evreninde bambaşka hallere bürünmesi.
Yaklaşık 300 yıl önce Isaac Newton temel hareket ve çekim yasalarıyla ilgili teorilerini oluşturdu.</description>
    </item>
    
    <item>
      <title>Var Olandan Olmaması Gerekeni Oluşturmak</title>
      <link>https://reborn.sabahlatan.com/posts/2015/11/var-olandan-olmamasi-gerekeni-olusturmak/</link>
      <pubDate>Mon, 23 Nov 2015 00:00:00 +0000</pubDate>
      
      <guid>https://reborn.sabahlatan.com/posts/2015/11/var-olandan-olmamasi-gerekeni-olusturmak/</guid>
      <description>Tarih boyunca keşfedebildikleri üzerinde çalışan insanoğlu bir noktadan sonra teorik çalışmalara daha fazla ağırlık vermeye başlamıştır. Var olan çeşitli fenomenlerin antitezlerinin de olduğunu varsayarak çeşitli bulgulara ulaşmayı denemiştir. Bir şey doğada varsa, onun tam tersi de bulunmalıdır düşüncesi tarihin çoğu diliminde insanların kafa yorduğu konulardan olmuştur. Değeri karekök -1 olan i sayısı yoktur, karadeliklerin aksine evrene hiç yoktan madde saçan akdelikler yoktur, Doctor Who dizisinin rüya ve uyanıklığın tarşıldığı bir bölümünde işlenen etrafını soğutan bir yıldız türü yoktur.</description>
    </item>
    
    <item>
      <title>Bir Yıldız Sisteminde Canlılığın Oluşması İçin Gereken Etmenler</title>
      <link>https://reborn.sabahlatan.com/posts/2015/10/bir-yildiz-sisteminde-canliligin-olusmasi-icin-gereken-etmenler/</link>
      <pubDate>Sat, 24 Oct 2015 00:00:00 +0000</pubDate>
      
      <guid>https://reborn.sabahlatan.com/posts/2015/10/bir-yildiz-sisteminde-canliligin-olusmasi-icin-gereken-etmenler/</guid>
      <description>Bilinen yaşamın yalnızca Dünya&amp;rsquo;da oluşarak, başka gezegen ve yıldız sistemlerinde oluşmamış olmasının birçok nedeni var. Bu yalnızca Dünya&amp;rsquo;yı sarıp koruyan bir ozon tabakası olmasından çok daha karmaşık bir mevzu. Dünya&amp;rsquo;daki yaşamın korunmasında Jüpiter dahi büyük role sahip.
Her şeyden önce dünya bir kayaç gezegen. Bunun anlamı sert bir zemin barındırıyor ve en üst katmanında yoğun olarak bulunan maddeler bugün bilinen organik maddelerin oluşabilmesi için yapı taşı konumunda. Dünya&amp;rsquo;daki hayat temel olarak Karbon atomunun üzerine kurulmuştur.</description>
    </item>
    
    <item>
      <title>Mutlak Sıfırdan Uç Sıcaklıklara Isının Evrendeki Etkileri</title>
      <link>https://reborn.sabahlatan.com/posts/2015/10/mutlak-sifirdan-uc-sicakliklara-isinin-evrendeki-etkileri/</link>
      <pubDate>Sun, 18 Oct 2015 00:00:00 +0000</pubDate>
      
      <guid>https://reborn.sabahlatan.com/posts/2015/10/mutlak-sifirdan-uc-sicakliklara-isinin-evrendeki-etkileri/</guid>
      <description>Sıcaklığı ölçmek için insanlık birçok standart geliştirmişse de bilimde kullanılan yegane birim Kelvin&amp;rsquo;dir. Kelvin birimi mutlak sıfır denen evrensel değer baz alınarak oluşturulmuştur. Mutlak sıfır olarak anılan değer 0 Kelvin ve aynı zamanda -273 santigrat dereceye denk düşer. Okullarda &amp;ldquo;Doğada bulunabilecek en düşük sıcaklık&amp;rdquo; diye anılsa da mutlak sıfır doğada bulunamaz, bu fizik kurallarının geçerli olduğu evrende bulunması mümkün değildir. Bu değer tamamen hesaplanarak bulunmuştur. Bunun nedenine gelecek olursak; her maddenin sıcaklığı düştükçe hacminde azalma meydana gelir.</description>
    </item>
    
    <item>
      <title>Gazlı İçeceklerin Yapısı ve Tat Dışı Sindirim Duyuları</title>
      <link>https://reborn.sabahlatan.com/posts/2015/10/gazli-icecekler-ve-tat-disi-sindirim-duyulari/</link>
      <pubDate>Mon, 05 Oct 2015 00:00:00 +0000</pubDate>
      
      <guid>https://reborn.sabahlatan.com/posts/2015/10/gazli-icecekler-ve-tat-disi-sindirim-duyulari/</guid>
      <description>İnsanlar aslında tat olmayan fakat ağız ve yutak çevresinde farklı hislere neden olan gıdaları deneyimlemekten haz duyar. Bu yüzden aslında bitkinin kendini savunmak için geliştirdiği, ağızda yanma hissine neden olan acı etkisi ve gazlı içeceklerin ağızda bıraktığı gıdıklanma hissi insanların hoşuna gider. Bunlar birer tat değil, tat almaya yatkın ve sindirim sisteminde diğer organlara nazaran daha hassas reseptörlere sahip organları tahriş eden veya etkileşimde bulunan etmenlerden ibarettir.
Bir gazlı içeceğin temeli soda isimli bir içecektir.</description>
    </item>
    
    <item>
      <title>Agar.io Kavramlarının Bilimsel Kökeni</title>
      <link>https://reborn.sabahlatan.com/posts/2015/09/agar-io-kavramlarinin-bilimsel-kokeni/</link>
      <pubDate>Thu, 24 Sep 2015 00:00:00 +0000</pubDate>
      
      <guid>https://reborn.sabahlatan.com/posts/2015/09/agar-io-kavramlarinin-bilimsel-kokeni/</guid>
      <description>Agar.io çıktığı ilk günden bu yana popülaritesine devam ediyor. Bu yazıda incelenecek olan Agar.io oyununda yer alan objelerin bilimsel anlamda temsil ettiği gerçekler olacak. Agar.io&amp;rsquo;da yer alan kavramlar yalnızca bu oyun için uydurulmuş değil, mikro evrende var olan nesnelerin birer kopyası. Oyunda içinde bulunulan mekan, besinler, engeller ve düşmanlar tamamen birer gerçek örneği temsil ediyor.
Oyunda yer alan oyuncuların yönlendirdiği objelerin isminin hücre (cell) olduğu bu oyunla ilgili en çok bilinen gerçeklerden biridir.</description>
    </item>
    
    <item>
      <title>Dünya&#39;nın Gerçek Oksijen Kaynakları Ağaçlar Değildir</title>
      <link>https://reborn.sabahlatan.com/posts/2015/05/dunyanin-gercek-oksijen-kaynagi-algler/</link>
      <pubDate>Fri, 22 May 2015 00:00:00 +0000</pubDate>
      
      <guid>https://reborn.sabahlatan.com/posts/2015/05/dunyanin-gercek-oksijen-kaynagi-algler/</guid>
      <description>Geçmişten günümüze kadar bize öğretilen bilgi, bitkilerin asıl oksijen kaynağı olduğudur. Aslında bu doğru değildir. Dünya&amp;rsquo;daki oksijenin çoğu aslında başka canlılar tarafından üretilir. Bize öğretilen bu bilgiler belki de insanların doğayı koruması ve ağaçları kesmemeleri için öğretilmiş olabilir. Sonuçta Dünya&amp;rsquo;da ekolojik denge mevcuttur. Ormanların yok olması da bu ekolojik dengeyi bozabilen faktörlerden biridir. Dünya&amp;rsquo;daki tüm ormanlar oksijenin yaklaşık %20&amp;rsquo;si kadarını fotosentez yoluyla üretmektedir. Geriye kalan kısmını ise Su yosunları yani &amp;ldquo;Algler&amp;rdquo; üretmektedir.</description>
    </item>
    
    <item>
      <title>Ay ile İlgili Enteresan Gerçekler</title>
      <link>https://reborn.sabahlatan.com/posts/2015/05/ay-hakkinda/</link>
      <pubDate>Thu, 21 May 2015 00:00:00 +0000</pubDate>
      
      <guid>https://reborn.sabahlatan.com/posts/2015/05/ay-hakkinda/</guid>
      <description>Ay tüm Güneş Sistemi&amp;rsquo;ne bakıldığında gezegeni ile arasındaki ilişki en enteresan durumda olan uydudur. Her şeyden önce Ay Dünya&amp;rsquo;nın uydusu olabilmek için çok büyüktür. Bu da doğal olarak uydu şeklinde oluştuğu düşüncesini çürüten bir durum. Ay Dünya&amp;rsquo;nın yaklaşık dörtte biridir ve Güneş Sistemi üzerinde bu şekilde orana sahip başka bir gezegen - uydu ikilisi bulunmuyor. Ay ve Dünya&amp;rsquo;dan sonra sistemde en büyük orana sahip bir sonraki ikili, sekizde bir oranıyla Jüpiter ve Ganymede ikilisidir.</description>
    </item>
    
    <item>
      <title>Bitkilerde Etoburluk</title>
      <link>https://reborn.sabahlatan.com/posts/2015/05/bitkilerde-etoburluk/</link>
      <pubDate>Wed, 20 May 2015 00:00:00 +0000</pubDate>
      
      <guid>https://reborn.sabahlatan.com/posts/2015/05/bitkilerde-etoburluk/</guid>
      <description>Evrimleşme süreci bazı bitkiler üzerinde farklı gelişmelere neden olmuştur. Genel olarak bitkiler fotosentez yapan, üreten ve gerekli besinini topraktan alan canlılar olarak bilinirler. Ancak bazı nedenlerden dolayı kimi bitkilerde etoburluk görülmektedir. Bu bitkilere Etobur (Karnivor) bitkiler denmektedir.
Etobur bitkileri diğer bitkilerden ayıran özellikleri böcek, sinek, örümcek gibi küçük hayvanları sindirmesidir. Diğer bitkiler gibi iletim demetleri, çiçek, yaprağa sahiptir. Bu bitkiler canlıların ilgisini daha çekecek kadar renkli ve güzel kokulara sahiptirler. Bu sayede hareketsiz haldeyken yemeklerini kendilerine çekerler.</description>
    </item>
    
    <item>
      <title>Abiyogenez, Canlılığın Ortaya Çıkışı ve Oluşum Süreçleri</title>
      <link>https://reborn.sabahlatan.com/posts/2015/05/abiyogenez-canliligin-ortaya-cikisi-ve-olusumu/</link>
      <pubDate>Mon, 18 May 2015 00:00:00 +0000</pubDate>
      
      <guid>https://reborn.sabahlatan.com/posts/2015/05/abiyogenez-canliligin-ortaya-cikisi-ve-olusumu/</guid>
      <description>Canlılığın meydana gelişi her zaman insanlığın kafasını karıştıran başlıca fenomenlerden biri olmuştur. Bu konu hakkında farklı devirlerde birbirinden farklı kuramlar ortaya atılmıştır. Cansız maddelerden ilk canlının oluşumu şu an dahi gizemini koruyan ve bilimsel açıdan henüz net bir kurama oturtulamamış bir durumdur. Bu konu hakkında bir noktaya kadarını açıklayabilmiş çeşitli deneyler ve kuramlar mevcut. Fakat farklı parçalardan ziyade tam olarak açıklayabilmek için bilimin biraz daha ilerlemesi gerekecek.
Abiyogenez (İngilizcesi abiogenesis) cansızdan canlı oluşumu anlamına gelir ve bu konuyu inceleyen bilim dalıdır.</description>
    </item>
    
    <item>
      <title>İnsanlığın Doğayı Binlerce Yıllık Şekillendirme Süreci: Yapay Seçilim</title>
      <link>https://reborn.sabahlatan.com/posts/2015/05/insanligin-dogayi-binlerce-yillik-sekillendirisi-yapay-secilim/</link>
      <pubDate>Wed, 06 May 2015 00:00:00 +0000</pubDate>
      
      <guid>https://reborn.sabahlatan.com/posts/2015/05/insanligin-dogayi-binlerce-yillik-sekillendirisi-yapay-secilim/</guid>
      <description>İnsanların her gün faydalandığı; doğal olarak yetiştirilsin, yetiştirilmesin her türlü bitki ve hayvanın nasıl bu kadar insanlara uygun amaçlara hizmet ettiği cevabı bilinen iyi bir sorudur. Karpuz, muz, elma gibi meyveler insan damak tadına uygun gıdalarken kedi ve köpek gibi hayvanlar da insanlarla iç içe yaşayabilen ve gayet iyi anlaşan canlılardır. Elbette bütün bu canlılar en başından beri bu şekilde var olmadılar. Tüm bunlar insanlığın yüzlerce veya binlerce yıllık, yapay seçilim adlı doğayı kendine uygun şekillendirme sürecinin bir sonucu.</description>
    </item>
    
    <item>
      <title>Uyku ve Uyku Evreleri</title>
      <link>https://reborn.sabahlatan.com/posts/2015/05/uyku-ve-uyku-evreleri/</link>
      <pubDate>Sun, 03 May 2015 00:00:00 +0000</pubDate>
      
      <guid>https://reborn.sabahlatan.com/posts/2015/05/uyku-ve-uyku-evreleri/</guid>
      <description>İnsan hayatının üçte biri uykuda geçer. Uyku insanların dinlenmesi için gerekli diye bilinse de, beyin uyku halinde çalışmaya devam eder. Uyku halinin ve uyku evreleri esnasında görülen rüyaların gizemi tam olarak çözülememiştir. Uyku basit bir durum değildir. Uyku evreleri karmaşık bir yapıya sahiptir. Bunun üzerine bilim insanları tarafından araştırmalar hala yapılmaktadır. Uyku, 4 evre ve Rem uykusundan oluşmaktadır. 4 uyku evresi göz hareketlerinin yavaşlayarak durduğu Non-Rem (non rapid eye movement) uykusudur.</description>
    </item>
    
    <item>
      <title>Radyasyon ve Elektromanyetik Spektrum</title>
      <link>https://reborn.sabahlatan.com/posts/2015/04/radyasyonun-gercek-anlami-ve-elektromanyetik-spektrum/</link>
      <pubDate>Tue, 28 Apr 2015 00:00:00 +0000</pubDate>
      
      <guid>https://reborn.sabahlatan.com/posts/2015/04/radyasyonun-gercek-anlami-ve-elektromanyetik-spektrum/</guid>
      <description>Türkçe&amp;rsquo;de genellikle radyasyon vücuda girip mutant eden enerji anlamında kullanılsa da radyasyon kelime anlamı bakımından elektromanyetik dalga halindeki bütün enerjilerin ortak adıdır. Buna radyo dalgaları, mikrodalga, görülebilir ışık ve hatta ısı da dahildir. Radyasyonun kahve ortamlarında bilinen bu anlamını karşılayan asıl terim iyonlaştırıcı radyasyondur.
Radyasyon kavramı olmasaydı hayat ve ondan çok daha önce fizik kuralları geçerli olmayacaktı. Bu evren fizik kuralları olmadan düşünülemez. Uzayzaman denen oluşumu var eden, algılanabilir kılan olgu fizik kurallarıdır.</description>
    </item>
    
    <item>
      <title>Plüton&#39;un İlk Renkli Fotoğrafları Yayınlandı</title>
      <link>https://reborn.sabahlatan.com/posts/2015/04/plutonun-ilk-renkli-fotograflari-yayinlandi/</link>
      <pubDate>Sun, 26 Apr 2015 00:00:00 +0000</pubDate>
      
      <guid>https://reborn.sabahlatan.com/posts/2015/04/plutonun-ilk-renkli-fotograflari-yayinlandi/</guid>
      <description>Uzun yıllar gezegen statüsüne sahip görülen, 2008 yılında bu kategoriden alınarak cüce gezegen isminde yeni bir sınıfa dahil olan Plüton ve uydusu Charon&amp;rsquo;ın ilk renkli görüntüleri elde edildi. Görüntüler New Horizons uzay aracı tarafından çekildi. Görüntüler pek net değil, bunun nedeni New Horizons&amp;rsquo;ın Plüton&amp;rsquo;a 3 aylık mesafede bulunuyor olması ve Güneşten yansıyan ışığın çok az olması. Bu zamana kadar Plüton&amp;rsquo;un elde edilen görüntüleri siyah beyaz şekilde sınıflandırılmıştı.
NASA&amp;rsquo;nın açıklamasına göre New Horizons uzay aracı Plüton&amp;rsquo;un yörüngesine girmek için durmayacak.</description>
    </item>
    
    <item>
      <title>Dünyanın İlk Uzay Teleskobu Hubble 25 Yaşında</title>
      <link>https://reborn.sabahlatan.com/posts/2015/04/dunyanin-ilk-uzay-teleskobu-hubble-25-yasinda/</link>
      <pubDate>Sat, 25 Apr 2015 00:00:00 +0000</pubDate>
      
      <guid>https://reborn.sabahlatan.com/posts/2015/04/dunyanin-ilk-uzay-teleskobu-hubble-25-yasinda/</guid>
      <description>Nisan 1990 yılında uzaya gönderilen Hubble Uzay Teleskobu 25. yılına girdi. İlk uzay teleskobu olan Hubble eski olmasına rağmen bir çok özelliğe sahiptir. Amerikalı astronom Edwin Hubble anısına ismi bu teleskoba verilmişti. Hubble Uzay Teleskopu(HUT), STS-31 görevi sırasında Uzay Mekiği Discovery tarafından Dünya yörüngesine tam olarak 24 Nisan 1990 yılında yerleştirildi.
Başarılı performansıyla Hubble Uzay Teleskobu uzayın incelenmesinde en başarılı fotoğrafları çekti. Yeryüzünden 569 kilometre yukarıda olan Hubble 800.000 gök cisminde 1 milyondan fazla gözlemde bulunmuştur.</description>
    </item>
    
    <item>
      <title>Nükleer Enerji Santrali Nedir? Yararları ve Zararları</title>
      <link>https://reborn.sabahlatan.com/posts/2015/04/nukleer-enerji-santrali-nedir-yararlari-ve-zararlari/</link>
      <pubDate>Sat, 25 Apr 2015 00:00:00 +0000</pubDate>
      
      <guid>https://reborn.sabahlatan.com/posts/2015/04/nukleer-enerji-santrali-nedir-yararlari-ve-zararlari/</guid>
      <description>Nükleer enerji santrali, bilinenin aksine daha az zararlı olup termik ve hidroelektrik santrallerin çevreye verdiği zarardan daha az zarar vermektedir. Ancak bu hiç zarar vermediği anlamına gelmez. Olası bir kaza veya sızıntı durumunda hiç olmadığı kadar zarar verebilmektedir. Sadece bulunduğu çevreye değil yüzlerce kilometre bir alana zarar verebilir. Nükleer santral, yüksek önlemler alındığında ve nükleer atıklar gerekli şekilde depolandığında bir ülkenin yıllarca elektrik enerjisini sağlamakta en iyi yöntemdir. Bu yüzden pek çok ülkede bulunmaktadır.</description>
    </item>
    
    <item>
      <title>Nötron Yıldızı Nedir?</title>
      <link>https://reborn.sabahlatan.com/posts/2015/04/evrenin-en-agir-yildizlari-notron-yildizlari/</link>
      <pubDate>Sat, 18 Apr 2015 00:00:00 +0000</pubDate>
      
      <guid>https://reborn.sabahlatan.com/posts/2015/04/evrenin-en-agir-yildizlari-notron-yildizlari/</guid>
      <description>Yıldızlar yaşamlarının sonunda biçim değiştirirler. Nükleer reaksiyonlar süpernova patlamasına neden olur. Kütlelerine göre yıldızlar enerjisi tükendikten sonra kara delik, beyaz cüce veya nötron yıldızına dönüşürler. Bir yıldızın süpernova sonrasında nötron yıldızı olabilmesi için Güneşten 4 ila 8 kat büyük olması gerekir. Güneş kadar olan yıldızlar nötron değil, beyaz cüceye dönüşürler. Yıldız yapısında bulunan hidrojeni helyuma, helyumu da karbona dönüştürerek yaşamını sürdürür. Bu reaksiyonlar yıldızın kütle çekim kuvveti ile dış basıncının dengede olmasını sağlar.</description>
    </item>
    
    <item>
      <title>Evreni Saran Enerji: Kozmik Mikrodalga Arkaplan Işıması</title>
      <link>https://reborn.sabahlatan.com/posts/2015/04/evrenin-her-kosesini-kaplayan-enerji-kozmik-mikrodalga-arkaplan-isimasi/</link>
      <pubDate>Fri, 17 Apr 2015 00:00:00 +0000</pubDate>
      
      <guid>https://reborn.sabahlatan.com/posts/2015/04/evrenin-her-kosesini-kaplayan-enerji-kozmik-mikrodalga-arkaplan-isimasi/</guid>
      <description>Evrenin yaklaşık 13.7 milyar yıl önce Big Bang denen olay ile birlikte oluştuğu yapılan hesaplamalar sonucu biliniyor. Big Bang teorisinden bu kadar emin olunabilmesinin nedeni kolayca gözlemlenebilir sonuçlarında yatıyor. Her şeyden önce evrendeki gök cisimlerinin bir arada bulunduğu en büyük yapılar olan galaksiler birbirlerinden hızla uzaklaşıyor. Ayrıca evrenin her noktasına yayılmış olan bir radyasyon da Big Bang&amp;rsquo;in kuvvetli bir kanıtı. Televizyonda frekansı ayarlanmamış boş bir kanal açtığınızda görülen karıncalanmanın, radyoda aynı şekilde görülen cızırtıların nedeni bu arkaplan ışımasıdır.</description>
    </item>
    
    <item>
      <title>Moleküler olarak İnsan ve Elektronik Devre Benzerliği</title>
      <link>https://reborn.sabahlatan.com/posts/2015/04/elektronik-devreler-ve-insanlarla-olan-molekuler-benzerlikleri/</link>
      <pubDate>Wed, 15 Apr 2015 00:00:00 +0000</pubDate>
      
      <guid>https://reborn.sabahlatan.com/posts/2015/04/elektronik-devreler-ve-insanlarla-olan-molekuler-benzerlikleri/</guid>
      <description>20.yüzyılın ortalarında başlayan ve transistörlerin geliştirilişiyle ortaya çıkan, bilgisayarlarla birlikte gelişimi aşırı hızlanan akıllı elektronik cihazlar 21.yüzyılda dünyayı ele geçirdi denilebilir. Şehir yaşantısında, baktığımız her bir noktada bunlardan birer parça görüyoruz. Başlarda yalnızca ev telefonlarının kablosuz olarak taşınabilir hali olarak ortaya çıkan cep telefonları günümüzde birer mini bilgisayara dönüşmüş durumda.
Bütün bu gelişim hızının arkasında yarı iletkenlerin keşfedilmesi yatıyor. O hep övülen yarı iletkenler ile oluşturulan devre elemanları gittikçe daha küçük hale getiriliyor ve maliyetleri düşüyor.</description>
    </item>
    
    <item>
      <title>Kuasar Nedir, Ne Değildir II</title>
      <link>https://reborn.sabahlatan.com/posts/2015/04/kuasar-nedir-ne-degildir-ii/</link>
      <pubDate>Tue, 14 Apr 2015 00:00:00 +0000</pubDate>
      
      <guid>https://reborn.sabahlatan.com/posts/2015/04/kuasar-nedir-ne-degildir-ii/</guid>
      <description>Uçsuz bucaksız evrende keşfedilmeyi bekleyen sayısız gök cismi bulunur. Sırlarla dolu bir evrende yaşamaktayız. Evrenin en uzak ve karanlık köşelerinde ulaşamayacağımız galaksiler, gezegenler, yıldızlar, kara delikler, kuasarlar ve henüz keşfedemediğimiz birçok göz cismi bulunur. Bunlardan biri olan kuasar muazzam parlaklığıyla dikkatini çekmektedir.
Kuasar Nedir? Kuasarların evrenin genç zamanlarında oluştuğu tahmin edilmektedir. İlk olarak merkezlerindeki devasa kara deliklerin çekim gücüne kapılan çok fazla maddenin ısınıp ışık yaymasıyla muazzam bir parlama kazandıkları düşünülmekteydi.</description>
    </item>
    
    <item>
      <title>Işık Yayan Canlılık: Biyolüminesans</title>
      <link>https://reborn.sabahlatan.com/posts/2015/04/isik-yayan-canlilik-biyoluminesans/</link>
      <pubDate>Mon, 13 Apr 2015 00:00:00 +0000</pubDate>
      
      <guid>https://reborn.sabahlatan.com/posts/2015/04/isik-yayan-canlilik-biyoluminesans/</guid>
      <description>Işık üretmek insanlar tarafından ateş böceği gibi genel olarak bilinen örnekler dışında canlılarla pek fazla bağdaştırılamasa da, dünya üzerinde bu yeteneğe sahip çok sayıda canlı mevcut. Hatta çoğunluğu yaşadığı yerler dolayısıyla henüz keşfedilememiş durumda. Canlının vücudundan biyolojik ışık üretme olayına biyolüminesans adı veriliyor. Biyolüminesans kelimesi Latince yaşam anlamına gelen &amp;ldquo;Bios&amp;rdquo; ve ışık anlamındaki &amp;ldquo;Lumen&amp;rdquo; kelimelerinden gelir. Soğuk ışık olarak da bilinen lüminesans bir nesnenin ısısı değişmeden ışık yaymasına deniyor. Bunu gerçekleştiren canlı olduğu zaman da buna biyolüminesans ismi veriliyor.</description>
    </item>
    
    <item>
      <title>Diğer Gezegenleri Dünyalaştırmak: Terraforming</title>
      <link>https://reborn.sabahlatan.com/posts/2015/04/diger-gezegenleri-dunyalastirmak-terraforming/</link>
      <pubDate>Sun, 12 Apr 2015 00:00:00 +0000</pubDate>
      
      <guid>https://reborn.sabahlatan.com/posts/2015/04/diger-gezegenleri-dunyalastirmak-terraforming/</guid>
      <description>Petrolün bulunup işlenmeye başlanması, motorlu taşıtların icadı ve Sanayi Devrimi’nden sonra Dünya hızlı bir şekilde kirlenmeye başladı. Fabrikaların kimyasal atıkları, ormanların tahrip edilmesi, fabrika ve motorlu taşıtların atmosfere saldıkları karbondioksit Dünyanın dengesini bozmaya yetmiştir. Su kirliliği, hava kirliliği atmosferdeki ozon tabakasının zayıflaması (Ozon tabakası Güneşten gelen ultraviyole ışınlarını tutan tabaka) zararlarını göstermeye başladı. Küresel iklim değişiklikleri, asit yağmurları, kuruyan göller, nesli tükenen canlılar, kuraklık ve doğal felaketler bize yakın zamanda Dünyanın yaşanılamayacak bir yer olacağını gösteriyor.</description>
    </item>
    
    <item>
      <title>10 - 20 Yıla Dünya Dışı Yaşamla Karşılaşmak</title>
      <link>https://reborn.sabahlatan.com/posts/2015/04/10-20-yil-icerisinde-dunya-disi-yasamla-karsilasabilmek/</link>
      <pubDate>Sat, 11 Apr 2015 00:00:00 +0000</pubDate>
      
      <guid>https://reborn.sabahlatan.com/posts/2015/04/10-20-yil-icerisinde-dunya-disi-yasamla-karsilasabilmek/</guid>
      <description>Son günlerde NASA&amp;rsquo;dan gelen &amp;ldquo;Gelecek 10-20 yıl içerisinde uzaylılarla karşılaşmaya hazır olun&amp;rdquo; açıklaması gündemde olan konulardan biri. Açıklamayı NASA bünyesindeki önde gelen bilimadamlarından olan Ellen Stofan yapıyor. Bu eleman 10 yıl içerisinde dünya dışı yaşama dair kesin kanıtlar bulacakları konusunda emin. &amp;ldquo;Nereye bakacağımızı biliyoruz, nasıl bakacağımızı biliyoruz, teknolojimiz de var, saçım şekil önümden çekil&amp;rdquo; diyor. Yine NASA&amp;rsquo;da Heliofizik Bölüm Direktörü olarak bulunan Jeffrey Newmark da yandan kafayı uzatarak: &amp;ldquo;Bulacağız ama burada bilinçli küçük yeşil adamlardan değil; bakteriyel bir yaşamdan bahsediyoruz.</description>
    </item>
    
    <item>
      <title>Işığın Dahi Kaçamadığı Gökcismi: Karadelik</title>
      <link>https://reborn.sabahlatan.com/posts/2015/04/isigin-dahi-kacamadigi-gizemli-gokcisimleri-karadelikler/</link>
      <pubDate>Thu, 09 Apr 2015 00:00:00 +0000</pubDate>
      
      <guid>https://reborn.sabahlatan.com/posts/2015/04/isigin-dahi-kacamadigi-gizemli-gokcisimleri-karadelikler/</guid>
      <description>Karadelikler güneşten birkaç kat daha büyük yıldızların son evresidir. Karadelikler, muazzam bir çekim gücüne sahip, ışığı dahi içine çekip kaçmasına izin vermeyen gök cisimleridir. Karadeliklerin sonsuz kütleye sahip oldukları varsayılır. Bu kütlelerine rağmen hacimleri çok küçüktür. Kilometrelerle ifade edilebilecek kadar küçüktürler. Karadelik kavramı Albert Einstein&amp;rsquo;ın genel görelilik kuramıyla ortaya çıkmıştır. Sonra Karl Schwarzschild &amp;ldquo;Einstein alan denklemleri&amp;rdquo; adlı kara deliğin varlığı ortaya atan bir yazı yayınlamıştır. 1971 yılında ilk karadelik Uhuru uydusu tarafından Kuğu takımyıldızında tespit edilmiştir.</description>
    </item>
    
    <item>
      <title>Kuasar Nedir, Ne Değildir</title>
      <link>https://reborn.sabahlatan.com/posts/2015/04/kuasar-nedir-ne-degildir/</link>
      <pubDate>Wed, 08 Apr 2015 00:00:00 +0000</pubDate>
      
      <guid>https://reborn.sabahlatan.com/posts/2015/04/kuasar-nedir-ne-degildir/</guid>
      <description>Evrenin geri kalanında yer alan gözlemlenebilir objelerle kıyaslandığında çevresine muazzam güçte enerji yayan gök cisimlerine kuasar deniyor. İngilizcede Quasar ismi &amp;ldquo;Yıldız benzeri radyo kaynağı&amp;rdquo; anlamına gelen &amp;ldquo;Quasi-stellar radio source&amp;rdquo; ifadesinden gelmekte. Standart bir galaksiye nazaran milyonlarca kat küçük boyutlarda olmalarına rağmen bu gök cisimleri bir galaksiden çok daha parlak ve yüksek enerjiye sahip olarak gözlemleniyor. Radyo dalgaları dahi yayabilen bu cisimler ilk keşfedildiklerinde bunların dünyanın gözlemlenebilir evreninde yalnızca en uzak köşelerde, en yaşlı gök cisimleri oldukları düşünülüyordu.</description>
    </item>
    
  </channel>
</rss>
