<?xml version="1.0" encoding="utf-8" standalone="yes"?>
<rss version="2.0" xmlns:atom="http://www.w3.org/2005/Atom">
  <channel>
    <title>25-kare-teknigi-nedir on Sabahlatan</title>
    <link>https://reborn.sabahlatan.com/tags/25-kare-teknigi-nedir/</link>
    <description>Recent content in 25-kare-teknigi-nedir on Sabahlatan</description>
    <generator>Hugo -- gohugo.io</generator>
    <language>tr-tr</language>
    <lastBuildDate>Mon, 27 Apr 2015 00:00:00 +0000</lastBuildDate><atom:link href="https://reborn.sabahlatan.com/tags/25-kare-teknigi-nedir/index.xml" rel="self" type="application/rss+xml" />
    <item>
      <title>Subliminal Mesaj ve 25.Kare Tekniği</title>
      <link>https://reborn.sabahlatan.com/blog/subliminal-mesaj-ve-25-kare-teknigi/</link>
      <pubDate>Mon, 27 Apr 2015 00:00:00 +0000</pubDate>
      
      <guid>https://reborn.sabahlatan.com/blog/subliminal-mesaj-ve-25-kare-teknigi/</guid>
      <description>Teknoloji ve film sektörünün gelişmesiyle beraber görüntü teknikleri de zamanla gelişti. Bunlardan biri olan subliminal mesaj insanı kalıcı olarak etkileyebilen bir tekniktir. Subliminal mesaj; bilinçaltını etkileyen gizli mesajlardır diyebiliriz. Ses veya görüntülerle çok kısa bir şekilde bilinçaltına bir mesaj gönderilebilir. Bilinçaltına gönderilen bu mesajlar insan hayatını, karakterini etkileyecek bir şekilde kalıcılaşır.
Peki ya bilinçaltı nedir? Bilinçaltı buz dağının altıdır. Bilinçaltı hayatımızın her anıdır. Biz farkında olmadan çalışır. Beş duyumuzla algıladığımız her şeyi kaydeder.</description>
    </item>
    
  </channel>
</rss>
