<?xml version="1.0" encoding="utf-8" standalone="yes"?>
<rss version="2.0" xmlns:atom="http://www.w3.org/2005/Atom">
  <channel>
    <title>afterlife on Sabahlatan</title>
    <link>https://reborn.sabahlatan.com/tags/afterlife/</link>
    <description>Recent content in afterlife on Sabahlatan</description>
    <generator>Hugo -- gohugo.io</generator>
    <language>tr-tr</language>
    <lastBuildDate>Mon, 04 May 2015 00:00:00 +0000</lastBuildDate><atom:link href="https://reborn.sabahlatan.com/tags/afterlife/index.xml" rel="self" type="application/rss+xml" />
    <item>
      <title>Ölümden Sonra Yaşam İnanışı</title>
      <link>https://reborn.sabahlatan.com/blog/olumden-sonra-yasam-inanisi/</link>
      <pubDate>Mon, 04 May 2015 00:00:00 +0000</pubDate>
      
      <guid>https://reborn.sabahlatan.com/blog/olumden-sonra-yasam-inanisi/</guid>
      <description>Ölümden sonra yaşam inancı tarih boyunca var olmuş çoğu kültürde görülür. Çoğu inancın temelini ve çok önemli noktalarından birini oluşturan bu kavram insanlığın hayatın en gerçek olgusu olan ölümü kabullenememesinden kaynaklanır. Hayat boyunca elde edilen tecrübeler, maddi ve manevi kazanımların öldükten sonra tamamen yok olacak olması kolay kabullenilecek bir gerçek değildir. Bu yüzden bu inancın en ilkel hallerinin görüldüğü toplumlarda ölen kişiyi - özellikle çeşitli vasıflara sahip kabul ediliyorsa - hayattayken yanında olan canlılar ve eşyalarıyla gömmek gibi eylemlere rastlanır.</description>
    </item>
    
  </channel>
</rss>
