<?xml version="1.0" encoding="utf-8" standalone="yes"?>
<rss version="2.0" xmlns:atom="http://www.w3.org/2005/Atom">
  <channel>
    <title>1-mayis-katliami on Sabahlatan</title>
    <link>https://reborn.sabahlatan.com/tags/1-mayis-katliami/</link>
    <description>Recent content in 1-mayis-katliami on Sabahlatan</description>
    <generator>Hugo -- gohugo.io</generator>
    <language>tr-tr</language>
    <lastBuildDate>Fri, 01 May 2015 00:00:00 +0000</lastBuildDate><atom:link href="https://reborn.sabahlatan.com/tags/1-mayis-katliami/index.xml" rel="self" type="application/rss+xml" />
    <item>
      <title>1 Mayıs&#39;ın Kanlı Tarihi</title>
      <link>https://reborn.sabahlatan.com/posts/2015/05/1-mayisin-kanli-tarihi/</link>
      <pubDate>Fri, 01 May 2015 00:00:00 +0000</pubDate>
      
      <guid>https://reborn.sabahlatan.com/posts/2015/05/1-mayisin-kanli-tarihi/</guid>
      <description>1 mayıs birçok ülkede İşçi Bayramı olarak kutlanıyor. İlk kez 1856 yılında Avustralya&amp;rsquo;da başlayan bu olay 1889 yılında İşçi Bayramı olarak kabul edildi ve günümüze kadar geldi. 1 Mayıs Türkiye&amp;rsquo;de ilk kez 1923 yılında yasal olarak &amp;ldquo;İşçi Bayramı&amp;rdquo; olarak kabul edildi. Ancak 1924 yılında kitlesel kutlama yasaklandı. Yine de devam eden bu kutlamalar 1977 yılında kana bulandı. Türkiye&amp;rsquo;nin failleri bulunamayan en kanlı olaylarından biri olarak tarihe geçti. Bu olayda 34 kişi hayatını kaybetmiş 136 kişide yaralanmıştı.</description>
    </item>
    
  </channel>
</rss>
