<?xml version="1.0" encoding="utf-8" standalone="yes"?>
<rss version="2.0" xmlns:atom="http://www.w3.org/2005/Atom">
  <channel>
    <title>sosyal-medya on Sabahlatan</title>
    <link>https://reborn.sabahlatan.com/categories/sosyal-medya/</link>
    <description>Recent content in sosyal-medya on Sabahlatan</description>
    <generator>Hugo -- gohugo.io</generator>
    <language>tr-tr</language>
    <lastBuildDate>Mon, 23 Nov 2015 00:00:00 +0000</lastBuildDate><atom:link href="https://reborn.sabahlatan.com/categories/sosyal-medya/index.xml" rel="self" type="application/rss+xml" />
    <item>
      <title>Link Yollayan, Takip Eden Hesapları Temizlemek</title>
      <link>https://reborn.sabahlatan.com/posts/2015/11/kendi-kendine-link-yollayan-takip-eden-sosyal-ag-hesaplarini-temizlemek/</link>
      <pubDate>Mon, 23 Nov 2015 00:00:00 +0000</pubDate>
      
      <guid>https://reborn.sabahlatan.com/posts/2015/11/kendi-kendine-link-yollayan-takip-eden-sosyal-ag-hesaplarini-temizlemek/</guid>
      <description>Hiçbir sosyal ağ hesabı kendi kendine diğer kullanıcılara mesaj göndermez veya &amp;ldquo;hesabım saçma sapan hesapları takip ediyor&amp;rdquo; cümlesinde bahsettiğiniz eylemi gerçekleştirmez. Yapay zeka henüz bu kadar gelişmedi. Bunlar tamamen zamanında bir boklar yemiş olmanızdan kaynaklanıyor.
Tüm sosyal ağlarda bu konuda mantık aynıdır. Bir profil onu kullanan kişinin isteği dışında hareketler sergiliyorsa bu ya başka birinin şifreyi biliyor olmasından, ya da kullanıcının profilinde cirit atmasına izin verdiği uygulamalardan kaynaklanır. Birinci seçenekle sıklıkla karşılaşılmaz.</description>
    </item>
    
  </channel>
</rss>
