<?xml version="1.0" encoding="utf-8" standalone="yes"?>
<rss version="2.0" xmlns:atom="http://www.w3.org/2005/Atom">
  <channel>
    <title>maddesel on Sabahlatan</title>
    <link>https://reborn.sabahlatan.com/categories/maddesel/</link>
    <description>Recent content in maddesel on Sabahlatan</description>
    <generator>Hugo -- gohugo.io</generator>
    <language>tr-tr</language>
    <lastBuildDate>Mon, 20 Apr 2015 00:00:00 +0000</lastBuildDate><atom:link href="https://reborn.sabahlatan.com/categories/maddesel/index.xml" rel="self" type="application/rss+xml" />
    <item>
      <title>Hayatı Kolaylaştıran 5 Android Uygulaması</title>
      <link>https://reborn.sabahlatan.com/blog/hayati-kolaylastiran-5-android-uygulamasi/</link>
      <pubDate>Mon, 20 Apr 2015 00:00:00 +0000</pubDate>
      
      <guid>https://reborn.sabahlatan.com/blog/hayati-kolaylastiran-5-android-uygulamasi/</guid>
      <description>Artık insanlar için hayatın akıllı telefonları ve internet olmadan akmadığı su götürmez bir gerçek. Yanlarından ayırmadıkları akıllı telefonlarıyla canları sıkıldığı zaman oyun oynamak olsun, istediklerinde bir şeyler izlemek veya okumak gibi eylemler olsun kolaylıkla ve hızlı bir şekilde gerçekleştirebiliyorlar. Hayatı bu kadar hızlandıran bir icattan kimse mahrum kalmak istemez. Elbette içerisinde çeşitli uygulamalar olmadıkça bir akıllı telefon büyük oranda boş bir kutu. Bu uygulamalar olmadıktan sonra akıllı telefonlar yalnızca rahatça internete girmek, müzik dinlemek, takvim ve ses kaydı gibi temel işlevler için kullanılabilir.</description>
    </item>
    
    <item>
      <title>En Enteresan 5 Fobi</title>
      <link>https://reborn.sabahlatan.com/blog/en-enteresan-5-fobi/</link>
      <pubDate>Thu, 09 Apr 2015 00:00:00 +0000</pubDate>
      
      <guid>https://reborn.sabahlatan.com/blog/en-enteresan-5-fobi/</guid>
      <description>Her canlı kendini meydana getiren evrimsel sürecin bir sonucu olarak kendini tehdit eden faktörlerden kaçınır. Korku bu tehditlere karşı savunmada kalma halidir. Bu kavramın daima yaşamı tehdit eden somut bir durum olması gerekmiyor, bilinçaltında yer alan tamamlanmamış veriler de korkuya neden olabilir. Korkular artık insanın hayatını etkileyecek seviyede olduğunda ise bunlara fobi adı veriliyor. Fobisi olan insana da &amp;ldquo;fobik&amp;rdquo; deniyor - Kullanırım lan ben bunu -. Kişi fobilerinin mantıksız olduğunu bilse dahi bunlardan kolaylıkla kurtulamıyor.</description>
    </item>
    
    <item>
      <title>Başkanlık Sisteminin Uygulandığı Ülkeler</title>
      <link>https://reborn.sabahlatan.com/blog/baskanlik-sisteminin-uygulandigi-ulkeler/</link>
      <pubDate>Wed, 08 Apr 2015 00:00:00 +0000</pubDate>
      
      <guid>https://reborn.sabahlatan.com/blog/baskanlik-sisteminin-uygulandigi-ulkeler/</guid>
      <description>Son günler Türkiye gündemini meşgul eden konulardan biri de başkanlık sisteminin Türkiye&amp;rsquo;ye gelmesi konusu. Kimin bu sistemi neden istediği, ne için kullanma çabasında olduğu gayet açık olsa da bu yazıda buna girmiyoruz. Başkanlık sistemi temel olarak hükümet başkanının aynı zamanda devlet başkanı olduğu bir rejimdir. Yasama, yürütme ve yargı kesin sınırla ayrılmış biçimde ve yürütme organının iktidar imkanları genişletilmiş haldedir. Yasama yetkisi parlamentoya aittir. Devlet başkanı ve parlamento üyeleri halk tarafından doğrudan veya dolaylı olacak bir biçimde seçilir.</description>
    </item>
    
    <item>
      <title>En İyi 10 Bilim Kurgu Filmi</title>
      <link>https://reborn.sabahlatan.com/blog/en-iyi-10-bilim-kurgu-filmi/</link>
      <pubDate>Tue, 07 Apr 2015 00:00:00 +0000</pubDate>
      
      <guid>https://reborn.sabahlatan.com/blog/en-iyi-10-bilim-kurgu-filmi/</guid>
      <description>1. Interstellar Yönetmen: Christopher Nolan IMDB: 8,8 Film, Fizikçi Kip S. Thorne&amp;rsquo;nun evrendeki &amp;lsquo;Solucan Delikleri&amp;rsquo; teorisinden ilham alınarak yapılmıştır. Geçimini çiftçilik yaparak sağlan Cooper 2 çocuğunu en iyi şekilde yaşatmaya çalışır. 10 yaşındaki kızı Murph doğaüstü bir zekaya sahiptir. Bir gün Cooper&amp;rsquo;a sunulan teklifle her şey değişir. Bir dizi bilim insanı ile uzun bir yolculuğa çıkması gerekmektedir. Yaşanılabilir başka bir gezegen bulmak için yola koyulan Cooper ve arkadaşlarını gittiği yer gezegende farklı zorluklar beklemektedir.</description>
    </item>
    
    <item>
      <title>İzlemeniz Gereken Aamir Khan Filmleri</title>
      <link>https://reborn.sabahlatan.com/blog/izlemeniz-gereken-aamir-khan-filmleri/</link>
      <pubDate>Mon, 06 Apr 2015 00:00:00 +0000</pubDate>
      
      <guid>https://reborn.sabahlatan.com/blog/izlemeniz-gereken-aamir-khan-filmleri/</guid>
      <description>Peekay ( PK ) Yönetmen: Rajkumar Hirani IMDB: 8,7 P.K. ayrı bir dünyadan gelen ve evine gitmenin yolunu arayan biridir. Dünya serüveninde insanlara sorduğu sorularla bir anda bütün dikkatleri üzerine çeker. Bu sorular çocukça ve masum sorulardır ancak cevabı oldukça zordur. Felsefenin sınırlarını zorlayan kişiler dahi cevap verememektedir. Muzipliği ve sorduğu sorularla kendine iyi dostlar edinir. Kahkaha, dram ve bir aşk masalını bir arada yaşatan oldukça güzel bir filmdir.
Dhoom 3 Yönetmen: Vijay Krishna Acharya IMDB: 5,9 IMDB puanına bakıp aldanmamak gerek.</description>
    </item>
    
  </channel>
</rss>
