<?xml version="1.0" encoding="utf-8" standalone="yes"?>
<rss version="2.0" xmlns:atom="http://www.w3.org/2005/Atom">
  <channel>
    <title>2-dunya-savasi on Sabahlatan</title>
    <link>https://reborn.sabahlatan.com/tags/2-dunya-savasi/</link>
    <description>Recent content in 2-dunya-savasi on Sabahlatan</description>
    <generator>Hugo -- gohugo.io</generator>
    <language>tr-tr</language>
    <lastBuildDate>Tue, 19 May 2015 00:00:00 +0000</lastBuildDate><atom:link href="https://reborn.sabahlatan.com/tags/2-dunya-savasi/index.xml" rel="self" type="application/rss+xml" />
    <item>
      <title>Manhattan Projesi</title>
      <link>https://reborn.sabahlatan.com/posts/2015/05/manhattan-projesi/</link>
      <pubDate>Tue, 19 May 2015 00:00:00 +0000</pubDate>
      
      <guid>https://reborn.sabahlatan.com/posts/2015/05/manhattan-projesi/</guid>
      <description>İkinci Dünya Savaşı&amp;rsquo;nın geride bıraktığı önemli hatıralardan birini oluşturan atom bombasının yapımı gayet sancılı ve ünlü çok sayıda bilim adamını içeren bir süreç. Bu süreç içerisinde kuramsal fizikçi Albert Einstein da önemli bir role sahip durumda. Nükleer silah üretme çabasına giren ABD&amp;rsquo;nin başlattığı bu projeye verdiği isim Manhattan Projesi olmuştur.
İkinci Dünya Savaşı&amp;rsquo;nın güçlü ülkelerinden biri olan Almanya, işgallerine devam ederken bir yandan da güçlü silahlar üretme çabasındaydı. Nazilerin nükleer çalışmaları bilim adalarını tedirgin edecek düzeydeydi.</description>
    </item>
    
    <item>
      <title>İkinci Dünya Savaşındaki İnsan Deneyleri</title>
      <link>https://reborn.sabahlatan.com/posts/2015/04/ikinci-dunya-savasi-sirasinda-insanlarin-uzerinde-yapilan-deneyler/</link>
      <pubDate>Thu, 16 Apr 2015 00:00:00 +0000</pubDate>
      
      <guid>https://reborn.sabahlatan.com/posts/2015/04/ikinci-dunya-savasi-sirasinda-insanlarin-uzerinde-yapilan-deneyler/</guid>
      <description>İkinci Dünya Savaşı çok fazla kaybın nedeni olsa da, insanlığın bir o kadar da ilerleme kaydetmesini sağlamıştır. Teknoloji, sağlık ve bunların dışında silah teknolojisi bu savaştan sonra tavan yapmıştır. Savaşın ortalarında galip pozisyondaki kimi ülkeler bu durumlarını fırsat bilerek işgal ettikleri ülkelerde insanları çeşitli şekillerde kullanmıştır. Herkesin bildiği Nazi Almanyası&amp;rsquo;nın Yahudiler, eşcinseller ve diğer enteresan gördükleri halklara karşı uyguladığı eylemler dışında müttefikleri olan Japonların da kendi yakınındaki bölgelerde çok da farklı politikaları olmamıştır.</description>
    </item>
    
  </channel>
</rss>
