<?xml version="1.0" encoding="utf-8" standalone="yes"?>
<rss version="2.0" xmlns:atom="http://www.w3.org/2005/Atom">
  <channel>
    <title>cografya on Sabahlatan</title>
    <link>https://reborn.sabahlatan.com/categories/cografya/</link>
    <description>Recent content in cografya on Sabahlatan</description>
    <generator>Hugo -- gohugo.io</generator>
    <language>tr-tr</language>
    <lastBuildDate>Mon, 13 Aug 2018 00:00:00 +0000</lastBuildDate><atom:link href="https://reborn.sabahlatan.com/categories/cografya/index.xml" rel="self" type="application/rss+xml" />
    <item>
      <title>Sargasso Denizi: Kıyısı Olmayan Tek Deniz</title>
      <link>https://reborn.sabahlatan.com/blog/sargasso-denizi-kiyisiz-deniz/</link>
      <pubDate>Mon, 13 Aug 2018 00:00:00 +0000</pubDate>
      
      <guid>https://reborn.sabahlatan.com/blog/sargasso-denizi-kiyisiz-deniz/</guid>
      <description>Dünya üzerindeki uzaktan bakıldığında en kolay seçilen, en büyük su kütlelerine okyanus adı veriliyor. Okyanus, tanımı gereği çok belirsiz bir kavram, dolayısıyla dünyanın çeşitli yerlerinde okyanuslar farklı şekillerde sınıflandırılmakta. Denizler ise okyanusların karaların içlerine giren parçaları olarak tanımlanıyor. İnsanlık tarafından tarih boyunca defalarca unutuluyor olsa da, dünya yüzeyindeki tüm su kütleleri karaların boşluklarını dolduran, dünya için oldukça ince bir tabakadan ibaret. Doğal olarak denizler de dahil her su kütlesinin karalarla kıyısı olmak zorunda.</description>
    </item>
    
  </channel>
</rss>
