<?xml version="1.0" encoding="utf-8" standalone="yes"?>
<rss version="2.0" xmlns:atom="http://www.w3.org/2005/Atom">
  <channel>
    <title>albert-einstein on Sabahlatan</title>
    <link>https://reborn.sabahlatan.com/tags/albert-einstein/</link>
    <description>Recent content in albert-einstein on Sabahlatan</description>
    <generator>Hugo -- gohugo.io</generator>
    <language>tr-tr</language>
    <lastBuildDate>Tue, 19 May 2015 00:00:00 +0000</lastBuildDate><atom:link href="https://reborn.sabahlatan.com/tags/albert-einstein/index.xml" rel="self" type="application/rss+xml" />
    <item>
      <title>Manhattan Projesi</title>
      <link>https://reborn.sabahlatan.com/blog/manhattan-projesi/</link>
      <pubDate>Tue, 19 May 2015 00:00:00 +0000</pubDate>
      
      <guid>https://reborn.sabahlatan.com/blog/manhattan-projesi/</guid>
      <description>İkinci Dünya Savaşı&amp;rsquo;nın geride bıraktığı önemli hatıralardan birini oluşturan atom bombasının yapımı gayet sancılı ve ünlü çok sayıda bilim adamını içeren bir süreç. Bu süreç içerisinde kuramsal fizikçi Albert Einstein da önemli bir role sahip durumda. Nükleer silah üretme çabasına giren ABD&amp;rsquo;nin başlattığı bu projeye verdiği isim Manhattan Projesi olmuştur.
İkinci Dünya Savaşı&amp;rsquo;nın güçlü ülkelerinden biri olan Almanya, işgallerine devam ederken bir yandan da güçlü silahlar üretme çabasındaydı. Nazilerin nükleer çalışmaları bilim adalarını tedirgin edecek düzeydeydi.</description>
    </item>
    
  </channel>
</rss>
