<?xml version="1.0" encoding="utf-8" standalone="yes"?>
<rss version="2.0" xmlns:atom="http://www.w3.org/2005/Atom">
  <channel>
    <title>alyuvar on Sabahlatan</title>
    <link>https://reborn.sabahlatan.com/tags/alyuvar/</link>
    <description>Recent content in alyuvar on Sabahlatan</description>
    <generator>Hugo -- gohugo.io</generator>
    <language>tr-tr</language>
    <lastBuildDate>Tue, 28 Mar 2017 00:00:00 +0000</lastBuildDate><atom:link href="https://reborn.sabahlatan.com/tags/alyuvar/index.xml" rel="self" type="application/rss+xml" />
    <item>
      <title>Kan: Vücudu Bir Bütün Haline Getiren Yapı</title>
      <link>https://reborn.sabahlatan.com/blog/vucudu-bir-butun-haline-getiren-yapi-kan/</link>
      <pubDate>Tue, 28 Mar 2017 00:00:00 +0000</pubDate>
      
      <guid>https://reborn.sabahlatan.com/blog/vucudu-bir-butun-haline-getiren-yapi-kan/</guid>
      <description>Kan tarih boyunca insanlığın oluşturduğu kültürlerde her zaman büyük önem taşımıştır. Kimi dinlerde kanın canın kaynağı olduğuna inanıldığından dolayı kanlı et yenmez, kimi milletlerde devleti yöneten kişilerin kanının kutsal olduğuna inanılıp onlara suikast düzenlendiğinde kanı akıtılmadan, boğarak öldürülür. Kan herhangi bir doğaüstü güce sahip olmasa da, vücut için en önemli yapıların başında geliyor. Çok hücreli canlıların artık daha karmaşık yapılara sahip olmaya başladığı nokta karşılaşılan en önemli yapılardan biri olarak kan ve dolaşım sistemi görülüyor.</description>
    </item>
    
  </channel>
</rss>
