<?xml version="1.0" encoding="utf-8" standalone="yes"?>
<rss version="2.0" xmlns:atom="http://www.w3.org/2005/Atom">
  <channel>
    <title>standart on Sabahlatan</title>
    <link>https://reborn.sabahlatan.com/categories/standart/</link>
    <description>Recent content in standart on Sabahlatan</description>
    <generator>Hugo -- gohugo.io</generator>
    <language>tr-tr</language>
    <lastBuildDate>Sun, 28 Jun 2020 00:00:00 +0000</lastBuildDate><atom:link href="https://reborn.sabahlatan.com/categories/standart/index.xml" rel="self" type="application/rss+xml" />
    <item>
      <title>P2P Network Yapısı ve Kullanım Alanları</title>
      <link>https://reborn.sabahlatan.com/posts/2020/06/p2p-network-ve-kullanim-alanlari/</link>
      <pubDate>Sun, 28 Jun 2020 00:00:00 +0000</pubDate>
      
      <guid>https://reborn.sabahlatan.com/posts/2020/06/p2p-network-ve-kullanim-alanlari/</guid>
      <description>**Ayrıca “node” kelimesini “düğüm “olarak yazdım, “peer” kelimesini de “eş “olarak yazdım. Geri kalan pek çok yabancı terimi parantez içinde belirttim, ayrıca araştırma gereksinimi duyarsanız mutlaka yabancı kelimeleri kullanınız.
P2P sistemler nerelerde kullanılır? P2P sistemlerinin kullanım alanları çok geniştir. Kaynak paylaşımı (işlemci, disk, bant genişliği vb.), cihazlar arası kolaborasyon(ortaklaşa bir iş halledilmesi) ve en yaygın kullanım şekli olan dosya paylaşımı P2P sistemlerinin kullanım amaçlarına örnek olarak verilebilir. P2P sistemlerinde cihazlar eş zamanlı olarak dosyaları hem gönderip hem de indirebiliyor olduklarından dolayı, dosya paylaşımı için idealdir.</description>
    </item>
    
    <item>
      <title>Greyfurt ile İlaç Tüketilir mi?</title>
      <link>https://reborn.sabahlatan.com/posts/2019/03/greyfurt-ile-ilac-tuketilir-mi/</link>
      <pubDate>Wed, 06 Mar 2019 00:00:00 +0000</pubDate>
      
      <guid>https://reborn.sabahlatan.com/posts/2019/03/greyfurt-ile-ilac-tuketilir-mi/</guid>
      <description>Bu yazımız herhangi bir tıbbi öneri veya tedavi şekli önermemektedir. Genel kültür kapsamında verilecek olan bu bilgiler yapılan çalışmalar ve sağlık haberlerinden derlenmiştir. İyi okumalar.
Hepinize merhaba arkadaşlar. Geçen kış mevsiminde ki artık bahar ayına giriyoruz, C vitamini, potasyum ve magnezyum kaynağı greyfurtu buldukça yedik buldukça suyunu içtik. Ancak uzmanların dikkatli olmamızı istediği bir konu var. Bazı ilaçları alırken greyfurt tüketmememiz isteniyor. Bunun nedeni ise greyfurtun bileşiminde yer alan bir takım maddeler, ilaçların parçalanmasını sağlayan sitrokom p450 (CYP 450) enziminin gücünü yok etmesinden kaynaklanıyor.</description>
    </item>
    
  </channel>
</rss>
