<?xml version="1.0" encoding="utf-8" standalone="yes"?>
<rss version="2.0" xmlns:atom="http://www.w3.org/2005/Atom">
  <channel>
    <title>standart on Sabahlatan</title>
    <link>https://reborn.sabahlatan.com/categories/standart/</link>
    <description>Recent content in standart on Sabahlatan</description>
    <generator>Hugo -- gohugo.io</generator>
    <language>tr-tr</language>
    <lastBuildDate>Sun, 28 Jun 2020 00:00:00 +0000</lastBuildDate><atom:link href="https://reborn.sabahlatan.com/categories/standart/index.xml" rel="self" type="application/rss+xml" />
    <item>
      <title>P2P Network Yapısı ve Kullanım Alanları</title>
      <link>https://reborn.sabahlatan.com/blog/p2p-network-ve-kullanim-alanlari/</link>
      <pubDate>Sun, 28 Jun 2020 00:00:00 +0000</pubDate>
      
      <guid>https://reborn.sabahlatan.com/blog/p2p-network-ve-kullanim-alanlari/</guid>
      <description>Merhabalar, bu yazımızda çokça duyduğunuz bir kavram hakkında bilgiler vereceğim. Konu P2P, yani peer to peer, Türkçesi ile eşten eşe bağlantı. P2P bir çeşit ağ mimarisidir. 1999 yılında Napster adlı dosya paylaşım sistemi, bu mimarinin yaygınlığını büyük ölçüde arttırmıştır. P2P sisteminde temel olarak bir takım bilgisayar ve cihazlar, birbirleri ile bir ağ oluştururlar. Bu ağ üzerindeki her cihaz, diğerleri ile aynı haklara ve görevlere sahiptir. Herhangi bir eş bir diğerine göre ayrıcalıklı değildir ve ağın merkezinde diğerlerine göre öncelikli olan bir yönetici cihazı yoktur.</description>
    </item>
    
    <item>
      <title>Greyfurt ile İlaç Tüketilir mi?</title>
      <link>https://reborn.sabahlatan.com/blog/greyfurt-ile-ilac-tuketilir-mi/</link>
      <pubDate>Wed, 06 Mar 2019 00:00:00 +0000</pubDate>
      
      <guid>https://reborn.sabahlatan.com/blog/greyfurt-ile-ilac-tuketilir-mi/</guid>
      <description>Bu yazımız herhangi bir tıbbi öneri veya tedavi şekli önermemektedir. Genel kültür kapsamında verilecek olan bu bilgiler yapılan çalışmalar ve sağlık haberlerinden derlenmiştir. İyi okumalar.
Hepinize merhaba arkadaşlar. Geçen kış mevsiminde ki artık bahar ayına giriyoruz, C vitamini, potasyum ve magnezyum kaynağı greyfurtu buldukça yedik buldukça suyunu içtik. Ancak uzmanların dikkatli olmamızı istediği bir konu var. Bazı ilaçları alırken greyfurt tüketmememiz isteniyor. Bunun nedeni ise greyfurtun bileşiminde yer alan bir takım maddeler, ilaçların parçalanmasını sağlayan sitrokom p450 (CYP 450) enziminin gücünü yok etmesinden kaynaklanıyor.</description>
    </item>
    
  </channel>
</rss>
