<?xml version="1.0" encoding="utf-8" standalone="yes"?>
<rss version="2.0" xmlns:atom="http://www.w3.org/2005/Atom">
  <channel>
    <title>sinema on Sabahlatan</title>
    <link>https://reborn.sabahlatan.com/categories/sinema/</link>
    <description>Recent content in sinema on Sabahlatan</description>
    <generator>Hugo -- gohugo.io</generator>
    <language>tr-tr</language>
    <lastBuildDate>Tue, 07 Apr 2015 00:00:00 +0000</lastBuildDate><atom:link href="https://reborn.sabahlatan.com/categories/sinema/index.xml" rel="self" type="application/rss+xml" />
    <item>
      <title>En İyi 10 Bilim Kurgu Filmi</title>
      <link>https://reborn.sabahlatan.com/blog/en-iyi-10-bilim-kurgu-filmi/</link>
      <pubDate>Tue, 07 Apr 2015 00:00:00 +0000</pubDate>
      
      <guid>https://reborn.sabahlatan.com/blog/en-iyi-10-bilim-kurgu-filmi/</guid>
      <description>1. Interstellar Yönetmen: Christopher Nolan IMDB: 8,8 Film, Fizikçi Kip S. Thorne&amp;rsquo;nun evrendeki &amp;lsquo;Solucan Delikleri&amp;rsquo; teorisinden ilham alınarak yapılmıştır. Geçimini çiftçilik yaparak sağlan Cooper 2 çocuğunu en iyi şekilde yaşatmaya çalışır. 10 yaşındaki kızı Murph doğaüstü bir zekaya sahiptir. Bir gün Cooper&amp;rsquo;a sunulan teklifle her şey değişir. Bir dizi bilim insanı ile uzun bir yolculuğa çıkması gerekmektedir. Yaşanılabilir başka bir gezegen bulmak için yola koyulan Cooper ve arkadaşlarını gittiği yer gezegende farklı zorluklar beklemektedir.</description>
    </item>
    
    <item>
      <title>İzlemeniz Gereken Aamir Khan Filmleri</title>
      <link>https://reborn.sabahlatan.com/blog/izlemeniz-gereken-aamir-khan-filmleri/</link>
      <pubDate>Mon, 06 Apr 2015 00:00:00 +0000</pubDate>
      
      <guid>https://reborn.sabahlatan.com/blog/izlemeniz-gereken-aamir-khan-filmleri/</guid>
      <description>Peekay ( PK ) Yönetmen: Rajkumar Hirani IMDB: 8,7 P.K. ayrı bir dünyadan gelen ve evine gitmenin yolunu arayan biridir. Dünya serüveninde insanlara sorduğu sorularla bir anda bütün dikkatleri üzerine çeker. Bu sorular çocukça ve masum sorulardır ancak cevabı oldukça zordur. Felsefenin sınırlarını zorlayan kişiler dahi cevap verememektedir. Muzipliği ve sorduğu sorularla kendine iyi dostlar edinir. Kahkaha, dram ve bir aşk masalını bir arada yaşatan oldukça güzel bir filmdir.
Dhoom 3 Yönetmen: Vijay Krishna Acharya IMDB: 5,9 IMDB puanına bakıp aldanmamak gerek.</description>
    </item>
    
  </channel>
</rss>
