<?xml version="1.0" encoding="utf-8" standalone="yes"?>
<rss version="2.0" xmlns:atom="http://www.w3.org/2005/Atom">
  <channel>
    <title>anti-parcacik on Sabahlatan</title>
    <link>https://reborn.sabahlatan.com/tags/anti-parcacik/</link>
    <description>Recent content in anti-parcacik on Sabahlatan</description>
    <generator>Hugo -- gohugo.io</generator>
    <language>tr-tr</language>
    <lastBuildDate>Fri, 28 Oct 2016 00:00:00 +0000</lastBuildDate><atom:link href="https://reborn.sabahlatan.com/tags/anti-parcacik/index.xml" rel="self" type="application/rss+xml" />
    <item>
      <title>Antimadde Nedir</title>
      <link>https://reborn.sabahlatan.com/blog/antimadde/</link>
      <pubDate>Fri, 28 Oct 2016 00:00:00 +0000</pubDate>
      
      <guid>https://reborn.sabahlatan.com/blog/antimadde/</guid>
      <description>Bilindiği gibi maddeyi oluşturan protonlar artı, elektronlar eksi yüklüdür. Bilimsel kuramların çoğu bu değerleri temel alır. Fakat 1900&amp;rsquo;lü yılların başlangıcında çeşitli hesaplamalar sonucunda bunun tam aksi yönde özelliklere sahip olan maddeler olabileceği ortaya atıldı. Positron isimli karşıt elektronların, karşıt protonların varlığı mümkündü. İlerleyen yıllarda bu parçacıkların varlığı tespit edildi ve bunların bir araya gelerek madde oluşturabileceği kanıtlandı. Bugün insanoğlu bu konuda emekleme aşamasında olsa da, antimadde tıpta aktif olarak kullanılıyor.</description>
    </item>
    
  </channel>
</rss>
