<?xml version="1.0" encoding="utf-8" standalone="yes"?>
<rss version="2.0" xmlns:atom="http://www.w3.org/2005/Atom">
  <channel>
    <title>biyoloji on Sabahlatan</title>
    <link>https://reborn.sabahlatan.com/categories/biyoloji/</link>
    <description>Recent content in biyoloji on Sabahlatan</description>
    <generator>Hugo -- gohugo.io</generator>
    <language>tr-tr</language>
    <lastBuildDate>Thu, 16 Aug 2018 00:00:00 +0000</lastBuildDate><atom:link href="https://reborn.sabahlatan.com/categories/biyoloji/index.xml" rel="self" type="application/rss+xml" />
    <item>
      <title>Gözle Görülebilen Bakteri</title>
      <link>https://reborn.sabahlatan.com/posts/2018/08/gozle-gorulebilen-bakteri/</link>
      <pubDate>Thu, 16 Aug 2018 00:00:00 +0000</pubDate>
      
      <guid>https://reborn.sabahlatan.com/posts/2018/08/gozle-gorulebilen-bakteri/</guid>
      <description>İnsanlık genel olarak tek hücreli canlıları çıplak gözle görebilmeyi beklemez. Günlük yaşantıda pek karşılaşılmamasının yanı sıra, hücre yapısı için de sağlıklı bir durum değil tek bir hücrenin çok büyük boyutlara ulaşması. Hücre dahil her üç boyutlu cisim için hacim ve yüzey belli bir dengede kalmalıdır. Hücre zarının kalınlığı kolay kolay artmadığından hücrenin belli bir limiti vardır. Hacim / Kütle oranı yeterince arttığı zaman hücre tekrar denge durumuna ulaşmak için bölünür ve büyüklüğünü çok arttırmadan bu şekilde türünü devam ettirir.</description>
    </item>
    
    <item>
      <title>Evrimini Durduran Canlı</title>
      <link>https://reborn.sabahlatan.com/posts/2018/08/evrimini-durduran-canli/</link>
      <pubDate>Fri, 10 Aug 2018 00:00:00 +0000</pubDate>
      
      <guid>https://reborn.sabahlatan.com/posts/2018/08/evrimini-durduran-canli/</guid>
      <description>Dünyanın bugünkü ekosistemine dahil olan tüm canlılık birbirini dengeleyecek bir şekilde hayat buluyor, insan dışında. Bunun nedeni ise dünya üzerindeki karbon temelli canlılığın diğer canlıları tüketerek bir döngü içinde yer alması ve sürekli olarak bir denge durumuna girilmesi. Güneş&amp;rsquo;in bir kızıl dev olmaya başlayacağı tarihlerde yüksek sıcaklıktan dolayı dünya üzerinde var olabilen tek canlı tuzcul bakteriler olacak olsa da, dünyanın şimdiki ekosisteminde durum bu şekilde. Virüs ve viroid gibi varlıklar canlı sınıfına tam olarak girmediğinden dolayı onlar için bu geçerli değil, onları gıda olarak kullanan canlılar olmadığı için kontrolsüzce artma potansiyeline sahipler.</description>
    </item>
    
    <item>
      <title>Nanopor Teknolojisi ve DNA Nanotop Dizilemesi</title>
      <link>https://reborn.sabahlatan.com/posts/2018/04/nanopor-teknolojisi-eng-nanopore-technologies-ve-dna-nanotop-dizilemesi/</link>
      <pubDate>Sat, 07 Apr 2018 00:00:00 +0000</pubDate>
      
      <guid>https://reborn.sabahlatan.com/posts/2018/04/nanopor-teknolojisi-eng-nanopore-technologies-ve-dna-nanotop-dizilemesi/</guid>
      <description>Nanoteknoloji Nedir? Nano kelimesi Yunancadan nannos kelimesinden türemiştir. Nannos cüce ya da yaşlı küçük adam anlamına gelmektedir. Teknoloji ise yunanca da tekhne yani sanat, zanaat ve logos yani söz, sözcük anlamına gelen sözcüklerden oluşturulmuş ve sanatlar ya da zanaatlar üzerine konuşma anlamına gelmektedir. Tarhan ve arkadaşları ise nanoteknolojinin tanımını, “nanoteknoloji maddeler üzerinde 100 nanometre ölçeğinden küçük boyutlarda gerçekleştirilen işleme, ölçüm, tasarım, modelleme ve düzenleme gibi çalışmalarla maddeye atom ve molekül seviyesinde gelişmiş veya tamamen yeni fiziksel, kimyasal ve biyolojik özellikler kazandırmayı hedefleyen bilim ve teknoloji alanıdır” (2010) şeklinde yapmıştır.</description>
    </item>
    
    <item>
      <title>Duyuları ve Bilinci Aldatmak</title>
      <link>https://reborn.sabahlatan.com/posts/2017/12/bedeni-kandirmak/</link>
      <pubDate>Sat, 02 Dec 2017 00:00:00 +0000</pubDate>
      
      <guid>https://reborn.sabahlatan.com/posts/2017/12/bedeni-kandirmak/</guid>
      <description>Duyu organları ve bunlardan gelen sinyallere göre hesaplama yapan birimler görevini genellikle olması gerektiği gibi yerine getirse de, çok kolay manipüle edilebilir bir yapıya sahip. Canlı vücutlarını incelemeden önce bilgisayarlardan örnek verelim. Zaman zaman bilgisayarlarınızı, makinelerinizi daha iyi veya ortamda az imkan olması durumunda kandırma gereği duyduğunuz oluyordur. Çalışmak için CD veya DVD okuyucuda bir disk görmeye ihtiyaç duyan yazılımları çalıştırmak için sanal sürücü kullanmak gibi, Pokémon GO oyununu oturduğunuz yerden oynamak için sahte GPS uygulamaları kullanmak gibi örnekler verilebilir.</description>
    </item>
    
    <item>
      <title>Kan: Vücudu Bir Bütün Haline Getiren Yapı</title>
      <link>https://reborn.sabahlatan.com/posts/2017/03/vucudu-bir-butun-haline-getiren-yapi-kan/</link>
      <pubDate>Tue, 28 Mar 2017 00:00:00 +0000</pubDate>
      
      <guid>https://reborn.sabahlatan.com/posts/2017/03/vucudu-bir-butun-haline-getiren-yapi-kan/</guid>
      <description>Kan tarih boyunca insanlığın oluşturduğu kültürlerde her zaman büyük önem taşımıştır. Kimi dinlerde kanın canın kaynağı olduğuna inanıldığından dolayı kanlı et yenmez, kimi milletlerde devleti yöneten kişilerin kanının kutsal olduğuna inanılıp onlara suikast düzenlendiğinde kanı akıtılmadan, boğarak öldürülür. Kan herhangi bir doğaüstü güce sahip olmasa da, vücut için en önemli yapıların başında geliyor. Çok hücreli canlıların artık daha karmaşık yapılara sahip olmaya başladığı nokta karşılaşılan en önemli yapılardan biri olarak kan ve dolaşım sistemi görülüyor.</description>
    </item>
    
    <item>
      <title>Cansızlık ve Canlılıktan Önceki Son Adımlar</title>
      <link>https://reborn.sabahlatan.com/posts/2016/12/cansizlik-ve-canliliktan-onceki-son-adimlar/</link>
      <pubDate>Mon, 12 Dec 2016 00:00:00 +0000</pubDate>
      
      <guid>https://reborn.sabahlatan.com/posts/2016/12/cansizlik-ve-canliliktan-onceki-son-adimlar/</guid>
      <description>Her insanın kafasında canlılıkla ilgili bir tanım, canlı ile cansız arasında net bir sınır vardır. Fakat bu konu mikrobiyolojik olarak ele alındığında bu kadar basit sonuçlar çıkmıyor. Ne kadar canlılık belli bir tanımın içerisine konularak, birtakım özelliklere göre sınıflandırılmak istense dahi en ilkel canlı ile en karmaşık cansız nesne arasında net bir sınır bulunamıyor. Tabii burada karmaşıklıktan kastedilen canlılığa özgü olan yapılar. Sonuç olarak belli varlıkların canlı mı veya cansız mı olduğuna henüz karar verilebilmiş değil.</description>
    </item>
    
    <item>
      <title>Evrim Teorisine Giriş</title>
      <link>https://reborn.sabahlatan.com/posts/2016/10/evrim-teorisine-giris/</link>
      <pubDate>Thu, 06 Oct 2016 00:00:00 +0000</pubDate>
      
      <guid>https://reborn.sabahlatan.com/posts/2016/10/evrim-teorisine-giris/</guid>
      <description>Evrim çoğunluk tarafından yanlış bilinir, fakat bu durum herkesin evrim hakkında bir fikri olmasını engellemez. Yeterince araştırmadan, yalnızca bir tanım duyarak yapılan yorumları sıklıkla çevrenizde görüyorsunuzdur. Bu yazıda temel amaç evrimin temel mekanizmalarına kısa bir giriş yaparak konunun daha iyi anlaşılması olacak.
Her şeyden önce evrim ilk canlının nasıl ortaya çıktığını açıklamaz. Bunun için farklı hipotezler vardır ve ikisi farklı alanlardır. Evrimin tesadüfle de alakası yoktur. Evrim kısaca canlıları doğanın istediği şekilde biçimlendiren mekanizmadır.</description>
    </item>
    
    <item>
      <title>Homunculus Nedir? Simya ve Sinirbilim Tanımları</title>
      <link>https://reborn.sabahlatan.com/posts/2015/11/beyindeki-bir-takim-adamlar-homunculus/</link>
      <pubDate>Mon, 30 Nov 2015 00:00:00 +0000</pubDate>
      
      <guid>https://reborn.sabahlatan.com/posts/2015/11/beyindeki-bir-takim-adamlar-homunculus/</guid>
      <description>Homunculus kelimesinin taşıdığı birden fazla anlam var. Fakat hepsinin buluştuğu temel nokta, küçük boyutlu bir insan figürü şeklinde. Homunculus kelimesi Latince &amp;ldquo;küçük adam&amp;rdquo; veya &amp;ldquo;adamcık&amp;rdquo; anlamına geliyor. &amp;ldquo;Homunculus nedir&amp;rdquo; dendiğinde karşımıza birden fazla anlam çıkıyor. Önce homunculus teriminin simya dünyasında ortaya çıkışına giriş yapalım, ardından asıl bilimsel yaklaşımı olan sinirbilimdeki yerine bakarız.
Simyada Homunculus Simyadaki Homunculus Tarifi Bu konuda kafa yoran en ünlü insanlardan biri 16. yüzyılda yaşamış olan, modern tıbbın temellerinin atılmasında önemli bir rolü olan Paracelsus idi.</description>
    </item>
    
    <item>
      <title>Gazlı İçeceklerin Yapısı ve Tat Dışı Sindirim Duyuları</title>
      <link>https://reborn.sabahlatan.com/posts/2015/10/gazli-icecekler-ve-tat-disi-sindirim-duyulari/</link>
      <pubDate>Mon, 05 Oct 2015 00:00:00 +0000</pubDate>
      
      <guid>https://reborn.sabahlatan.com/posts/2015/10/gazli-icecekler-ve-tat-disi-sindirim-duyulari/</guid>
      <description>İnsanlar aslında tat olmayan fakat ağız ve yutak çevresinde farklı hislere neden olan gıdaları deneyimlemekten haz duyar. Bu yüzden aslında bitkinin kendini savunmak için geliştirdiği, ağızda yanma hissine neden olan acı etkisi ve gazlı içeceklerin ağızda bıraktığı gıdıklanma hissi insanların hoşuna gider. Bunlar birer tat değil, tat almaya yatkın ve sindirim sisteminde diğer organlara nazaran daha hassas reseptörlere sahip organları tahriş eden veya etkileşimde bulunan etmenlerden ibarettir.
Bir gazlı içeceğin temeli soda isimli bir içecektir.</description>
    </item>
    
    <item>
      <title>Agar.io Kavramlarının Bilimsel Kökeni</title>
      <link>https://reborn.sabahlatan.com/posts/2015/09/agar-io-kavramlarinin-bilimsel-kokeni/</link>
      <pubDate>Thu, 24 Sep 2015 00:00:00 +0000</pubDate>
      
      <guid>https://reborn.sabahlatan.com/posts/2015/09/agar-io-kavramlarinin-bilimsel-kokeni/</guid>
      <description>Agar.io çıktığı ilk günden bu yana popülaritesine devam ediyor. Bu yazıda incelenecek olan Agar.io oyununda yer alan objelerin bilimsel anlamda temsil ettiği gerçekler olacak. Agar.io&amp;rsquo;da yer alan kavramlar yalnızca bu oyun için uydurulmuş değil, mikro evrende var olan nesnelerin birer kopyası. Oyunda içinde bulunulan mekan, besinler, engeller ve düşmanlar tamamen birer gerçek örneği temsil ediyor.
Oyunda yer alan oyuncuların yönlendirdiği objelerin isminin hücre (cell) olduğu bu oyunla ilgili en çok bilinen gerçeklerden biridir.</description>
    </item>
    
    <item>
      <title>Dünya&#39;nın Gerçek Oksijen Kaynakları Ağaçlar Değildir</title>
      <link>https://reborn.sabahlatan.com/posts/2015/05/dunyanin-gercek-oksijen-kaynagi-algler/</link>
      <pubDate>Fri, 22 May 2015 00:00:00 +0000</pubDate>
      
      <guid>https://reborn.sabahlatan.com/posts/2015/05/dunyanin-gercek-oksijen-kaynagi-algler/</guid>
      <description>Geçmişten günümüze kadar bize öğretilen bilgi, bitkilerin asıl oksijen kaynağı olduğudur. Aslında bu doğru değildir. Dünya&amp;rsquo;daki oksijenin çoğu aslında başka canlılar tarafından üretilir. Bize öğretilen bu bilgiler belki de insanların doğayı koruması ve ağaçları kesmemeleri için öğretilmiş olabilir. Sonuçta Dünya&amp;rsquo;da ekolojik denge mevcuttur. Ormanların yok olması da bu ekolojik dengeyi bozabilen faktörlerden biridir. Dünya&amp;rsquo;daki tüm ormanlar oksijenin yaklaşık %20&amp;rsquo;si kadarını fotosentez yoluyla üretmektedir. Geriye kalan kısmını ise Su yosunları yani &amp;ldquo;Algler&amp;rdquo; üretmektedir.</description>
    </item>
    
    <item>
      <title>Bitkilerde Etoburluk</title>
      <link>https://reborn.sabahlatan.com/posts/2015/05/bitkilerde-etoburluk/</link>
      <pubDate>Wed, 20 May 2015 00:00:00 +0000</pubDate>
      
      <guid>https://reborn.sabahlatan.com/posts/2015/05/bitkilerde-etoburluk/</guid>
      <description>Evrimleşme süreci bazı bitkiler üzerinde farklı gelişmelere neden olmuştur. Genel olarak bitkiler fotosentez yapan, üreten ve gerekli besinini topraktan alan canlılar olarak bilinirler. Ancak bazı nedenlerden dolayı kimi bitkilerde etoburluk görülmektedir. Bu bitkilere Etobur (Karnivor) bitkiler denmektedir.
Etobur bitkileri diğer bitkilerden ayıran özellikleri böcek, sinek, örümcek gibi küçük hayvanları sindirmesidir. Diğer bitkiler gibi iletim demetleri, çiçek, yaprağa sahiptir. Bu bitkiler canlıların ilgisini daha çekecek kadar renkli ve güzel kokulara sahiptirler. Bu sayede hareketsiz haldeyken yemeklerini kendilerine çekerler.</description>
    </item>
    
    <item>
      <title>Abiyogenez, Canlılığın Ortaya Çıkışı ve Oluşum Süreçleri</title>
      <link>https://reborn.sabahlatan.com/posts/2015/05/abiyogenez-canliligin-ortaya-cikisi-ve-olusumu/</link>
      <pubDate>Mon, 18 May 2015 00:00:00 +0000</pubDate>
      
      <guid>https://reborn.sabahlatan.com/posts/2015/05/abiyogenez-canliligin-ortaya-cikisi-ve-olusumu/</guid>
      <description>Canlılığın meydana gelişi her zaman insanlığın kafasını karıştıran başlıca fenomenlerden biri olmuştur. Bu konu hakkında farklı devirlerde birbirinden farklı kuramlar ortaya atılmıştır. Cansız maddelerden ilk canlının oluşumu şu an dahi gizemini koruyan ve bilimsel açıdan henüz net bir kurama oturtulamamış bir durumdur. Bu konu hakkında bir noktaya kadarını açıklayabilmiş çeşitli deneyler ve kuramlar mevcut. Fakat farklı parçalardan ziyade tam olarak açıklayabilmek için bilimin biraz daha ilerlemesi gerekecek.
Abiyogenez (İngilizcesi abiogenesis) cansızdan canlı oluşumu anlamına gelir ve bu konuyu inceleyen bilim dalıdır.</description>
    </item>
    
    <item>
      <title>İnsanlığın Doğayı Binlerce Yıllık Şekillendirme Süreci: Yapay Seçilim</title>
      <link>https://reborn.sabahlatan.com/posts/2015/05/insanligin-dogayi-binlerce-yillik-sekillendirisi-yapay-secilim/</link>
      <pubDate>Wed, 06 May 2015 00:00:00 +0000</pubDate>
      
      <guid>https://reborn.sabahlatan.com/posts/2015/05/insanligin-dogayi-binlerce-yillik-sekillendirisi-yapay-secilim/</guid>
      <description>İnsanların her gün faydalandığı; doğal olarak yetiştirilsin, yetiştirilmesin her türlü bitki ve hayvanın nasıl bu kadar insanlara uygun amaçlara hizmet ettiği cevabı bilinen iyi bir sorudur. Karpuz, muz, elma gibi meyveler insan damak tadına uygun gıdalarken kedi ve köpek gibi hayvanlar da insanlarla iç içe yaşayabilen ve gayet iyi anlaşan canlılardır. Elbette bütün bu canlılar en başından beri bu şekilde var olmadılar. Tüm bunlar insanlığın yüzlerce veya binlerce yıllık, yapay seçilim adlı doğayı kendine uygun şekillendirme sürecinin bir sonucu.</description>
    </item>
    
    <item>
      <title>Uyku ve Uyku Evreleri</title>
      <link>https://reborn.sabahlatan.com/posts/2015/05/uyku-ve-uyku-evreleri/</link>
      <pubDate>Sun, 03 May 2015 00:00:00 +0000</pubDate>
      
      <guid>https://reborn.sabahlatan.com/posts/2015/05/uyku-ve-uyku-evreleri/</guid>
      <description>İnsan hayatının üçte biri uykuda geçer. Uyku insanların dinlenmesi için gerekli diye bilinse de, beyin uyku halinde çalışmaya devam eder. Uyku halinin ve uyku evreleri esnasında görülen rüyaların gizemi tam olarak çözülememiştir. Uyku basit bir durum değildir. Uyku evreleri karmaşık bir yapıya sahiptir. Bunun üzerine bilim insanları tarafından araştırmalar hala yapılmaktadır. Uyku, 4 evre ve Rem uykusundan oluşmaktadır. 4 uyku evresi göz hareketlerinin yavaşlayarak durduğu Non-Rem (non rapid eye movement) uykusudur.</description>
    </item>
    
    <item>
      <title>Moleküler olarak İnsan ve Elektronik Devre Benzerliği</title>
      <link>https://reborn.sabahlatan.com/posts/2015/04/elektronik-devreler-ve-insanlarla-olan-molekuler-benzerlikleri/</link>
      <pubDate>Wed, 15 Apr 2015 00:00:00 +0000</pubDate>
      
      <guid>https://reborn.sabahlatan.com/posts/2015/04/elektronik-devreler-ve-insanlarla-olan-molekuler-benzerlikleri/</guid>
      <description>20.yüzyılın ortalarında başlayan ve transistörlerin geliştirilişiyle ortaya çıkan, bilgisayarlarla birlikte gelişimi aşırı hızlanan akıllı elektronik cihazlar 21.yüzyılda dünyayı ele geçirdi denilebilir. Şehir yaşantısında, baktığımız her bir noktada bunlardan birer parça görüyoruz. Başlarda yalnızca ev telefonlarının kablosuz olarak taşınabilir hali olarak ortaya çıkan cep telefonları günümüzde birer mini bilgisayara dönüşmüş durumda.
Bütün bu gelişim hızının arkasında yarı iletkenlerin keşfedilmesi yatıyor. O hep övülen yarı iletkenler ile oluşturulan devre elemanları gittikçe daha küçük hale getiriliyor ve maliyetleri düşüyor.</description>
    </item>
    
    <item>
      <title>Işık Yayan Canlılık: Biyolüminesans</title>
      <link>https://reborn.sabahlatan.com/posts/2015/04/isik-yayan-canlilik-biyoluminesans/</link>
      <pubDate>Mon, 13 Apr 2015 00:00:00 +0000</pubDate>
      
      <guid>https://reborn.sabahlatan.com/posts/2015/04/isik-yayan-canlilik-biyoluminesans/</guid>
      <description>Işık üretmek insanlar tarafından ateş böceği gibi genel olarak bilinen örnekler dışında canlılarla pek fazla bağdaştırılamasa da, dünya üzerinde bu yeteneğe sahip çok sayıda canlı mevcut. Hatta çoğunluğu yaşadığı yerler dolayısıyla henüz keşfedilememiş durumda. Canlının vücudundan biyolojik ışık üretme olayına biyolüminesans adı veriliyor. Biyolüminesans kelimesi Latince yaşam anlamına gelen &amp;ldquo;Bios&amp;rdquo; ve ışık anlamındaki &amp;ldquo;Lumen&amp;rdquo; kelimelerinden gelir. Soğuk ışık olarak da bilinen lüminesans bir nesnenin ısısı değişmeden ışık yaymasına deniyor. Bunu gerçekleştiren canlı olduğu zaman da buna biyolüminesans ismi veriliyor.</description>
    </item>
    
  </channel>
</rss>
