<?xml version="1.0" encoding="utf-8" standalone="yes"?>
<rss version="2.0" xmlns:atom="http://www.w3.org/2005/Atom">
  <channel>
    <title>dil-dersleri on Sabahlatan</title>
    <link>https://reborn.sabahlatan.com/categories/dil-dersleri/</link>
    <description>Recent content in dil-dersleri on Sabahlatan</description>
    <generator>Hugo -- gohugo.io</generator>
    <language>tr-tr</language>
    <lastBuildDate>Sun, 29 Jan 2017 00:00:00 +0000</lastBuildDate><atom:link href="https://reborn.sabahlatan.com/categories/dil-dersleri/index.xml" rel="self" type="application/rss+xml" />
    <item>
      <title>Azerbaycan Türkçesine Giriş I</title>
      <link>https://reborn.sabahlatan.com/posts/2017/01/azerbaycan-turkcesine-giris-i/</link>
      <pubDate>Sun, 29 Jan 2017 00:00:00 +0000</pubDate>
      
      <guid>https://reborn.sabahlatan.com/posts/2017/01/azerbaycan-turkcesine-giris-i/</guid>
      <description>Türkiye Türkçesi ile Azerbaycan Türkçesi aynı dil alt grubundadır. Birbirine çok yakın dillerdir, hatta ayrı dil olduklarını söylemek dahi zor. Yapı neredeyse tamamen aynı, fakat kullanılan kelimeler farklıdır. Türkiye Türkçesi Osmanlı Devleti süresince Arapça ve Farsçanın, Türkiye Cumhuriyeti&amp;rsquo;nin ilanıyla ile birlikte de Fransızcanın etkisinde kalmıştır. Azerbaycan Türkçesi de, Azerbaycan&amp;rsquo;ın bulunduğu coğrafya ve etkisi altında olduğu ülkeler dolayısıyla büyük oranda Farsça ve Rusçanın etkisinde kalmıştır. Bu dile Azerbaycanca, Azerbaycan dili veya Azerbaycan Türkçesi de denebilir.</description>
    </item>
    
    <item>
      <title>İspanyolcaya Giriş 2</title>
      <link>https://reborn.sabahlatan.com/posts/2016/05/ispanyolcaya-giris-2/</link>
      <pubDate>Thu, 12 May 2016 00:00:00 +0000</pubDate>
      
      <guid>https://reborn.sabahlatan.com/posts/2016/05/ispanyolcaya-giris-2/</guid>
      <description>İspanyolca Latince kökenli bir dil. Alfabesi Latin Alfabesine ufak eklemeler yapılarak oluşturulmuştur. Diğer Latin kökenli dillerle doğal olarak benzerlikler taşır. İtalyanca ile çok benzer bir dildir. Bu iki dilden birini iyi seviyede bilen, diğerini az çok anlayabilir. Kağıt üzerinde bakıldığında Fransızca ile de çok yüksek benzerlikleri olduğu görülebilir. Öte yandan Fransızca kendine özgü, yoğun bir telaffuz metoduna sahiptir, konuşurken bu benzerlikleri görmek kolay kolay mümkün olmaz. Portekizce ise İspanyolca&amp;rsquo;nın bir üst versiyonu gibi görülebilir.</description>
    </item>
    
    <item>
      <title>İspanyolcaya Giriş 1</title>
      <link>https://reborn.sabahlatan.com/posts/2015/11/ispanyolcaya-giris-1/</link>
      <pubDate>Tue, 24 Nov 2015 00:00:00 +0000</pubDate>
      
      <guid>https://reborn.sabahlatan.com/posts/2015/11/ispanyolcaya-giris-1/</guid>
      <description>Bundan sonra Sabahlatan&amp;rsquo;da hayatın çeşitli alanlarına dair eğitim serileri bulunacak. Bunlara da bu İspanyolca eğitim makalesi ile başlıyoruz.
Bir yabancı dili ilk defa öğrenmeye heveslenmiş bir kişi direkt olarak o dille ilgili ufak ve basit kalıplar öğrenmek isteyeceğinden bu ilk yazıda İspanyolcanın yapısı, ses ve konuşma dilleri ve bunlar arasındaki uyum, temel kalıplar gibi bilgiler verilirken hemen ardından gelen yazılarda İspanyolca ile ilgili temel detaylar, İspanyolcanın tarihi ve konuşulduğu bölgeler gibi konulara değinilecek.</description>
    </item>
    
  </channel>
</rss>
