<?xml version="1.0" encoding="utf-8" standalone="yes"?>
<rss version="2.0" xmlns:atom="http://www.w3.org/2005/Atom">
  <channel>
    <title>felsefe on Sabahlatan</title>
    <link>https://reborn.sabahlatan.com/categories/felsefe/</link>
    <description>Recent content in felsefe on Sabahlatan</description>
    <generator>Hugo -- gohugo.io</generator>
    <language>tr-tr</language>
    <lastBuildDate>Sun, 28 Aug 2016 00:00:00 +0000</lastBuildDate><atom:link href="https://reborn.sabahlatan.com/categories/felsefe/index.xml" rel="self" type="application/rss+xml" />
    <item>
      <title>Mağara Alegorisi</title>
      <link>https://reborn.sabahlatan.com/posts/2016/08/magara-alegorisi/</link>
      <pubDate>Sun, 28 Aug 2016 00:00:00 +0000</pubDate>
      
      <guid>https://reborn.sabahlatan.com/posts/2016/08/magara-alegorisi/</guid>
      <description>Toplum ile filozof arasındaki uçurumları en iyi şekilde anlatmış olan Platon aslında eski toplumlardan günümüze kadar olan bir durumu betimlemiştir. Düşüncenin ışığına ulaşmış olan filozoflar toplumlar tarafından tam olarak anlaşılmamıştır. Belirli kalıplara sıkışmış olan toplumlar farklı düşüncelere kapalı bir şekilde yaşamaya devam etmiştir. Düşüncenin ışığından yoksun yaşayan toplumlar farklı düşüncelere karşı düşmanca davranmış ve bu ışığa ulaşmış olan insanları da dışlamıştır. Platon&amp;rsquo;un Mağara Alegorisi bunu en iyi şekilde dile getirir.</description>
    </item>
    
  </channel>
</rss>
