<?xml version="1.0" encoding="utf-8" standalone="yes"?>
<rss version="2.0" xmlns:atom="http://www.w3.org/2005/Atom">
  <channel>
    <title>ak-delik on Sabahlatan</title>
    <link>https://reborn.sabahlatan.com/tags/ak-delik/</link>
    <description>Recent content in ak-delik on Sabahlatan</description>
    <generator>Hugo -- gohugo.io</generator>
    <language>tr-tr</language>
    <lastBuildDate>Thu, 09 Apr 2015 00:00:00 +0000</lastBuildDate><atom:link href="https://reborn.sabahlatan.com/tags/ak-delik/index.xml" rel="self" type="application/rss+xml" />
    <item>
      <title>Işığın Dahi Kaçamadığı Gökcismi: Karadelik</title>
      <link>https://reborn.sabahlatan.com/posts/2015/04/isigin-dahi-kacamadigi-gizemli-gokcisimleri-karadelikler/</link>
      <pubDate>Thu, 09 Apr 2015 00:00:00 +0000</pubDate>
      
      <guid>https://reborn.sabahlatan.com/posts/2015/04/isigin-dahi-kacamadigi-gizemli-gokcisimleri-karadelikler/</guid>
      <description>Karadelikler güneşten birkaç kat daha büyük yıldızların son evresidir. Karadelikler, muazzam bir çekim gücüne sahip, ışığı dahi içine çekip kaçmasına izin vermeyen gök cisimleridir. Karadeliklerin sonsuz kütleye sahip oldukları varsayılır. Bu kütlelerine rağmen hacimleri çok küçüktür. Kilometrelerle ifade edilebilecek kadar küçüktürler. Karadelik kavramı Albert Einstein&amp;rsquo;ın genel görelilik kuramıyla ortaya çıkmıştır. Sonra Karl Schwarzschild &amp;ldquo;Einstein alan denklemleri&amp;rdquo; adlı kara deliğin varlığı ortaya atan bir yazı yayınlamıştır. 1971 yılında ilk karadelik Uhuru uydusu tarafından Kuğu takımyıldızında tespit edilmiştir.</description>
    </item>
    
    <item>
      <title>Kuasar Nedir, Ne Değildir</title>
      <link>https://reborn.sabahlatan.com/posts/2015/04/kuasar-nedir-ne-degildir/</link>
      <pubDate>Wed, 08 Apr 2015 00:00:00 +0000</pubDate>
      
      <guid>https://reborn.sabahlatan.com/posts/2015/04/kuasar-nedir-ne-degildir/</guid>
      <description>Evrenin geri kalanında yer alan gözlemlenebilir objelerle kıyaslandığında çevresine muazzam güçte enerji yayan gök cisimlerine kuasar deniyor. İngilizcede Quasar ismi &amp;ldquo;Yıldız benzeri radyo kaynağı&amp;rdquo; anlamına gelen &amp;ldquo;Quasi-stellar radio source&amp;rdquo; ifadesinden gelmekte. Standart bir galaksiye nazaran milyonlarca kat küçük boyutlarda olmalarına rağmen bu gök cisimleri bir galaksiden çok daha parlak ve yüksek enerjiye sahip olarak gözlemleniyor. Radyo dalgaları dahi yayabilen bu cisimler ilk keşfedildiklerinde bunların dünyanın gözlemlenebilir evreninde yalnızca en uzak köşelerde, en yaşlı gök cisimleri oldukları düşünülüyordu.</description>
    </item>
    
  </channel>
</rss>
