<?xml version="1.0" encoding="utf-8" standalone="yes"?>
<rss version="2.0" xmlns:atom="http://www.w3.org/2005/Atom">
  <channel>
    <title>oyun on Sabahlatan</title>
    <link>https://reborn.sabahlatan.com/categories/oyun/</link>
    <description>Recent content in oyun on Sabahlatan</description>
    <generator>Hugo -- gohugo.io</generator>
    <language>tr-tr</language>
    <lastBuildDate>Tue, 07 Apr 2020 00:00:00 +0000</lastBuildDate><atom:link href="https://reborn.sabahlatan.com/categories/oyun/index.xml" rel="self" type="application/rss+xml" />
    <item>
      <title>Mario&#39;nun Bıyıkları Neden Böyle Tasarlandı?</title>
      <link>https://reborn.sabahlatan.com/blog/marionun-biyiklari-neden-boyle-tasarlandi/</link>
      <pubDate>Tue, 07 Apr 2020 00:00:00 +0000</pubDate>
      
      <guid>https://reborn.sabahlatan.com/blog/marionun-biyiklari-neden-boyle-tasarlandi/</guid>
      <description>Yukarıda gördüğünüz Mario&amp;rsquo;yu sanıyorum pek çoğunuz tanıyorsunuzdur, şapkalı, bıyıklı, mavi üzerine kırmızı giyimli bir karakter.
Peki neden bu kıyafet, şapka veya bıyık? Kısaca, bu şekilde daha kolay yaratılacaktı.
Mario ilk defa 1981 çıkışlı Donkey Kong oyununda göründü. Genç bir kızı varil fırlatan koca bir gorilden kurtarmaya çalışıyordu. Yıllar içerisinde ise 200&amp;rsquo;den fazla oyunda göründü Mario. İlk başlarda sadece bu tarz platform oyunlarında olmasına rağmen, zamanla dövüş, spor ve yarış gibi türlerdeki oyunlarda da belirdi.</description>
    </item>
    
    <item>
      <title>Retro Nedir? Retro Hakkında Bir Yazı</title>
      <link>https://reborn.sabahlatan.com/blog/retro-nedir-retro-hakkinda-bir-yazi/</link>
      <pubDate>Sat, 07 Apr 2018 00:00:00 +0000</pubDate>
      
      <guid>https://reborn.sabahlatan.com/blog/retro-nedir-retro-hakkinda-bir-yazi/</guid>
      <description>Retro; kasten yakın geçmişin moda, film, oyun, müzik vb. türeten veya taklit eden tarzdır. Türetilen ya da taklit edilen şeyin ise üzerinden en azından bir 20 yıl geçmesi gerekir. Örnek vermek gerekirse üzerinden bir, iki sene geçmiş bir filmin taklidi retro sayılmaz ancak üzerinden 34 sene geçmiş bir film olan Terminatör (ilk filmi) taklit edilebilir.
Hani şu bir evin yakınına meteor düşüyordu&amp;hellip;Hani arkadaşlarınızla o eve gidiyordunuz&amp;hellip;
Retro oyunlardan bahsetmek istiyorum. Retro bakımından günümüzde tasarım olarak kendisini gösteren en iyi oyunlardan birisi (biraz eskidi gerçi) FarCry: Blood Dragon.</description>
    </item>
    
    <item>
      <title>Agar.io Kavramlarının Bilimsel Kökeni</title>
      <link>https://reborn.sabahlatan.com/blog/agar-io-kavramlarinin-bilimsel-kokeni/</link>
      <pubDate>Thu, 24 Sep 2015 00:00:00 +0000</pubDate>
      
      <guid>https://reborn.sabahlatan.com/blog/agar-io-kavramlarinin-bilimsel-kokeni/</guid>
      <description>Agar.io çıktığı ilk günden bu yana popülaritesine devam ediyor. Bu yazıda incelenecek olan Agar.io oyununda yer alan objelerin bilimsel anlamda temsil ettiği gerçekler olacak. Agar.io&amp;rsquo;da yer alan kavramlar yalnızca bu oyun için uydurulmuş değil, mikro evrende var olan nesnelerin birer kopyası. Oyunda içinde bulunulan mekan, besinler, engeller ve düşmanlar tamamen birer gerçek örneği temsil ediyor.
Oyunda yer alan oyuncuların yönlendirdiği objelerin isminin hücre (cell) olduğu bu oyunla ilgili en çok bilinen gerçeklerden biridir.</description>
    </item>
    
    <item>
      <title>Agar.io ve Püf Noktaları</title>
      <link>https://reborn.sabahlatan.com/blog/agar-io-oyunu-ve-puf-noktalari/</link>
      <pubDate>Wed, 20 May 2015 00:00:00 +0000</pubDate>
      
      <guid>https://reborn.sabahlatan.com/blog/agar-io-oyunu-ve-puf-noktalari/</guid>
      <description>Agar.io son zamanlarda patlayan basit, pratik ve çoğu kişi tarafından bağımlılık yaptığı söylenen multiplayer bir tarayıcı oyunu. Oynamak için yalnızca mouse hareketleri ve iki tuş kullanıyorsunuz. Oyundaki temel amaç elbette en çok puanı alarak liderler listesine yerleşebilmek. Bunu yapmak için etraftaki nesneleri yiyerek erişebileceğiniz en büyük boyuta erişerek ilerlemeniz gerekiyor. Sonrasında işin içerisine ufak stratejiler giriyor. Diğer oyuncuları ne kadar büyük boyutlara erişmiş olurlarsa olsunlar alt etmeniz mümkün.
Oyunda her oyuncu farklı birer hücreyi yönlendiriyor.</description>
    </item>
    
  </channel>
</rss>
