<?xml version="1.0" encoding="utf-8" standalone="yes"?>
<rss version="2.0" xmlns:atom="http://www.w3.org/2005/Atom">
  <channel>
    <title>4th-wall on Sabahlatan</title>
    <link>https://reborn.sabahlatan.com/tags/4th-wall/</link>
    <description>Recent content in 4th-wall on Sabahlatan</description>
    <generator>Hugo -- gohugo.io</generator>
    <language>tr-tr</language>
    <lastBuildDate>Sun, 05 Apr 2015 00:00:00 +0000</lastBuildDate><atom:link href="https://reborn.sabahlatan.com/tags/4th-wall/index.xml" rel="self" type="application/rss+xml" />
    <item>
      <title>Dördüncü Duvar Nedir, Nasıl Yıkılır</title>
      <link>https://reborn.sabahlatan.com/blog/eserlerde-dorduncu-duvar-nedir-dorduncu-duvar-nasil-yikilir/</link>
      <pubDate>Sun, 05 Apr 2015 00:00:00 +0000</pubDate>
      
      <guid>https://reborn.sabahlatan.com/blog/eserlerde-dorduncu-duvar-nedir-dorduncu-duvar-nasil-yikilir/</guid>
      <description>Kurguya sahip bir tiyatro oyununda, sinema filminde, bilgisayar oyununda, romanda veya çizgi romanda kendinizi karakterlerin içinde yaşadığı alternatif bir gerçekliğin içinde bulursunuz. Zamanlar ve mekanlar gerçek dünyaya paralel şekilde olabilir, fakat takip edilen olaylar o andan bağımsız, bambaşka bir şekilde kurgulanmıştır. Bir eserin ortaya çıkmasındaki amaç da zaten budur; gerçek dünyayı yeniden kurgulamak veya olayları baştan ele almak.
Bir tiyatro oyunu izlediğinizde karakterlerin çevresini kaplayan 3 duvar görürsünüz. Seyirci oyunu kalan duvarın olması gerektiği yerden izliyor olur.</description>
    </item>
    
  </channel>
</rss>
