<?xml version="1.0" encoding="utf-8" standalone="yes"?>
<rss version="2.0" xmlns:atom="http://www.w3.org/2005/Atom">
  <channel>
    <title>amerikan-ingilizcesi on Sabahlatan</title>
    <link>https://reborn.sabahlatan.com/tags/amerikan-ingilizcesi/</link>
    <description>Recent content in amerikan-ingilizcesi on Sabahlatan</description>
    <generator>Hugo -- gohugo.io</generator>
    <language>tr-tr</language>
    <lastBuildDate>Thu, 24 Aug 2017 00:00:00 +0000</lastBuildDate><atom:link href="https://reborn.sabahlatan.com/tags/amerikan-ingilizcesi/index.xml" rel="self" type="application/rss+xml" />
    <item>
      <title>İngilizcede &#34;Türk Aksanı&#34; Problemi</title>
      <link>https://reborn.sabahlatan.com/blog/ingilizcede-turk-aksani-neden-dogru-bir-sey-degil/</link>
      <pubDate>Thu, 24 Aug 2017 00:00:00 +0000</pubDate>
      
      <guid>https://reborn.sabahlatan.com/blog/ingilizcede-turk-aksani-neden-dogru-bir-sey-degil/</guid>
      <description>Britanya geçen yüzyılda kurduğu sömürge imparatorluğu nedeniyle tarihteki en geniş yüzölçümüne sahip ülke olduğundan dolayı, İngilizce dilinin dünyadaki ortak iletişim dili olarak kabul gördüğü bir gerçek. Genellikle Batı Avrupa dışında her ülkeden insan İngilizce öğrenmeye ve öğretmeye yönelir. Başka bir ülkeden bir insanla iletişim kuracaksanız ilk seçiminiz doğal olarak İngilizce olacaktır. Batı Avrupa&amp;rsquo;da yer edinmiş, Avrupa&amp;rsquo;nın belli başlı ülkelerini bunun haricinde tutmamın nedeni ise onların kendi dilinden taviz vermek istememesi. Genellikle İngiltere dışında çoğu Batı Avrupalı İngilizce bilmez dahi.</description>
    </item>
    
  </channel>
</rss>
