<?xml version="1.0" encoding="utf-8" standalone="yes"?>
<rss version="2.0" xmlns:atom="http://www.w3.org/2005/Atom">
  <channel>
    <title>agar-agar on Sabahlatan</title>
    <link>https://reborn.sabahlatan.com/tags/agar-agar/</link>
    <description>Recent content in agar-agar on Sabahlatan</description>
    <generator>Hugo -- gohugo.io</generator>
    <language>tr-tr</language>
    <lastBuildDate>Thu, 24 Sep 2015 00:00:00 +0000</lastBuildDate><atom:link href="https://reborn.sabahlatan.com/tags/agar-agar/index.xml" rel="self" type="application/rss+xml" />
    <item>
      <title>Agar.io Kavramlarının Bilimsel Kökeni</title>
      <link>https://reborn.sabahlatan.com/posts/2015/09/agar-io-kavramlarinin-bilimsel-kokeni/</link>
      <pubDate>Thu, 24 Sep 2015 00:00:00 +0000</pubDate>
      
      <guid>https://reborn.sabahlatan.com/posts/2015/09/agar-io-kavramlarinin-bilimsel-kokeni/</guid>
      <description>Agar.io çıktığı ilk günden bu yana popülaritesine devam ediyor. Bu yazıda incelenecek olan Agar.io oyununda yer alan objelerin bilimsel anlamda temsil ettiği gerçekler olacak. Agar.io&amp;rsquo;da yer alan kavramlar yalnızca bu oyun için uydurulmuş değil, mikro evrende var olan nesnelerin birer kopyası. Oyunda içinde bulunulan mekan, besinler, engeller ve düşmanlar tamamen birer gerçek örneği temsil ediyor.
Oyunda yer alan oyuncuların yönlendirdiği objelerin isminin hücre (cell) olduğu bu oyunla ilgili en çok bilinen gerçeklerden biridir.</description>
    </item>
    
  </channel>
</rss>
