<?xml version="1.0" encoding="utf-8" standalone="yes"?>
<rss version="2.0" xmlns:atom="http://www.w3.org/2005/Atom">
  <channel>
    <title>alkaloid on Sabahlatan</title>
    <link>https://reborn.sabahlatan.com/tags/alkaloid/</link>
    <description>Recent content in alkaloid on Sabahlatan</description>
    <generator>Hugo -- gohugo.io</generator>
    <language>tr-tr</language>
    <lastBuildDate>Mon, 05 Oct 2015 00:00:00 +0000</lastBuildDate><atom:link href="https://reborn.sabahlatan.com/tags/alkaloid/index.xml" rel="self" type="application/rss+xml" />
    <item>
      <title>Gazlı İçeceklerin Yapısı ve Tat Dışı Sindirim Duyuları</title>
      <link>https://reborn.sabahlatan.com/blog/gazli-icecekler-ve-tat-disi-sindirim-duyulari/</link>
      <pubDate>Mon, 05 Oct 2015 00:00:00 +0000</pubDate>
      
      <guid>https://reborn.sabahlatan.com/blog/gazli-icecekler-ve-tat-disi-sindirim-duyulari/</guid>
      <description>İnsanlar aslında tat olmayan fakat ağız ve yutak çevresinde farklı hislere neden olan gıdaları deneyimlemekten haz duyar. Bu yüzden aslında bitkinin kendini savunmak için geliştirdiği, ağızda yanma hissine neden olan acı etkisi ve gazlı içeceklerin ağızda bıraktığı gıdıklanma hissi insanların hoşuna gider. Bunlar birer tat değil, tat almaya yatkın ve sindirim sisteminde diğer organlara nazaran daha hassas reseptörlere sahip organları tahriş eden veya etkileşimde bulunan etmenlerden ibarettir.
Bir gazlı içeceğin temeli soda isimli bir içecektir.</description>
    </item>
    
  </channel>
</rss>
