<?xml version="1.0" encoding="utf-8" standalone="yes"?>
<rss version="2.0" xmlns:atom="http://www.w3.org/2005/Atom">
  <channel>
    <title>akim on Sabahlatan</title>
    <link>https://reborn.sabahlatan.com/tags/akim/</link>
    <description>Recent content in akim on Sabahlatan</description>
    <generator>Hugo -- gohugo.io</generator>
    <language>tr-tr</language>
    <lastBuildDate>Fri, 17 Aug 2018 00:00:00 +0000</lastBuildDate><atom:link href="https://reborn.sabahlatan.com/tags/akim/index.xml" rel="self" type="application/rss+xml" />
    <item>
      <title>Elektriği Anlamak</title>
      <link>https://reborn.sabahlatan.com/blog/elektrigi-anlamak/</link>
      <pubDate>Fri, 17 Aug 2018 00:00:00 +0000</pubDate>
      
      <guid>https://reborn.sabahlatan.com/blog/elektrigi-anlamak/</guid>
      <description>Dünya üzerinde bu kadar çok kullanılmasına ve hayatın kilit kavramlarından biri haline gelmesine rağmen, gündelik olarak hakkında en az şey bilinen fenomenlerin başında elektrik akımı gelir muhtemelen. Elektrik dendiğinde ilk bakışta cansız maddelere bir nevi canlılık veren bir enerji akışı gibi görünmesi doğal. Aslında elektrik çok temel prensiplere dayanıyor.
Elektrik kelimesinin etimolojisinden başlayalım. Elektrik kelimesinin kökeni Kehribar (amber) anlamına gelen Latince electrum ve Yunanca ἤλεκτρον (ēlektron) kelimelerine dayanıyor. Bu iki kelimenin kökeni ise &amp;ldquo;ışık saçan güneş&amp;rdquo; anlamına gelen ἠλέκτωρ (ēlektōr) kelimesinden geliyor.</description>
    </item>
    
  </channel>
</rss>
