<?xml version="1.0" encoding="utf-8" standalone="yes"?>
<rss version="2.0" xmlns:atom="http://www.w3.org/2005/Atom">
  <channel>
    <title>amerika-birlesik-devletleri on Sabahlatan</title>
    <link>https://reborn.sabahlatan.com/tags/amerika-birlesik-devletleri/</link>
    <description>Recent content in amerika-birlesik-devletleri on Sabahlatan</description>
    <generator>Hugo -- gohugo.io</generator>
    <language>tr-tr</language>
    <lastBuildDate>Wed, 08 Apr 2015 00:00:00 +0000</lastBuildDate><atom:link href="https://reborn.sabahlatan.com/tags/amerika-birlesik-devletleri/index.xml" rel="self" type="application/rss+xml" />
    <item>
      <title>Başkanlık Sisteminin Uygulandığı Ülkeler</title>
      <link>https://reborn.sabahlatan.com/blog/baskanlik-sisteminin-uygulandigi-ulkeler/</link>
      <pubDate>Wed, 08 Apr 2015 00:00:00 +0000</pubDate>
      
      <guid>https://reborn.sabahlatan.com/blog/baskanlik-sisteminin-uygulandigi-ulkeler/</guid>
      <description>Son günler Türkiye gündemini meşgul eden konulardan biri de başkanlık sisteminin Türkiye&amp;rsquo;ye gelmesi konusu. Kimin bu sistemi neden istediği, ne için kullanma çabasında olduğu gayet açık olsa da bu yazıda buna girmiyoruz. Başkanlık sistemi temel olarak hükümet başkanının aynı zamanda devlet başkanı olduğu bir rejimdir. Yasama, yürütme ve yargı kesin sınırla ayrılmış biçimde ve yürütme organının iktidar imkanları genişletilmiş haldedir. Yasama yetkisi parlamentoya aittir. Devlet başkanı ve parlamento üyeleri halk tarafından doğrudan veya dolaylı olacak bir biçimde seçilir.</description>
    </item>
    
  </channel>
</rss>
