<?xml version="1.0" encoding="utf-8" standalone="yes"?>
<rss version="2.0" xmlns:atom="http://www.w3.org/2005/Atom">
  <channel>
    <title>algoritma on Sabahlatan</title>
    <link>https://reborn.sabahlatan.com/tags/algoritma/</link>
    <description>Recent content in algoritma on Sabahlatan</description>
    <generator>Hugo -- gohugo.io</generator>
    <language>tr-tr</language>
    <lastBuildDate>Sun, 24 Apr 2016 00:00:00 +0000</lastBuildDate><atom:link href="https://reborn.sabahlatan.com/tags/algoritma/index.xml" rel="self" type="application/rss+xml" />
    <item>
      <title>Kuantum Bilgisayarı ve Qbit</title>
      <link>https://reborn.sabahlatan.com/blog/kuantum-bilgisayari-ve-qbit/</link>
      <pubDate>Sun, 24 Apr 2016 00:00:00 +0000</pubDate>
      
      <guid>https://reborn.sabahlatan.com/blog/kuantum-bilgisayari-ve-qbit/</guid>
      <description>Teknoloji hızla ilerliyor, fakat ne kadar ilerlerse ilerlesin bu gelişmeler genellikle tekdüze bir doğrultuda devam ediyor. Bilgisayar bilimlerinde Moore Yasası denen basit bir öngörü vardır. Buna göre her iki yılda bir bilgisayar işlemci kapasiteleri iki katına çıkarak artmaya devam eder. 20. yüzyılın ortalarından bu yana hemen hemen her zaman doğru çıkan bu öngörü son yıllarda işlememeye başlamıştır. İnsanoğlu şu an teknolojik bir duraklama evresindedir.
Bunun nedeni bilgisayarın tarihinde gizli. En başta analog sistemler şekilde doğan bilgisayarlar, vakum tüplerinin icadıyla dijital hale geldi ve bugüne kadar başta bilgisayarlar olmak üzere tüm elektronik aletler yavaş yavaş dijitalleşmeye başladı.</description>
    </item>
    
  </channel>
</rss>
