<?xml version="1.0" encoding="utf-8" standalone="yes"?>
<rss version="2.0" xmlns:atom="http://www.w3.org/2005/Atom">
  <channel>
    <title>kurgusal-evrenler on Sabahlatan</title>
    <link>https://reborn.sabahlatan.com/categories/kurgusal-evrenler/</link>
    <description>Recent content in kurgusal-evrenler on Sabahlatan</description>
    <generator>Hugo -- gohugo.io</generator>
    <language>tr-tr</language>
    <lastBuildDate>Wed, 08 Apr 2020 00:00:00 +0000</lastBuildDate><atom:link href="https://reborn.sabahlatan.com/categories/kurgusal-evrenler/index.xml" rel="self" type="application/rss+xml" />
    <item>
      <title>TRON Kurgusal Evreni</title>
      <link>https://reborn.sabahlatan.com/blog/tron-kurgusal-evreni/</link>
      <pubDate>Wed, 08 Apr 2020 00:00:00 +0000</pubDate>
      
      <guid>https://reborn.sabahlatan.com/blog/tron-kurgusal-evreni/</guid>
      <description>Pong oyunu için kullanılan eski bir arcade makinesi
1976 yılında Steven Lisberger meşhur Pong oyunu ile tanışır. Donald Kushner ile birlikte Tron isimli bir animasyon filmi yapmak için bir animasyon stüdyosu kurarlar. Stüdyonun reklamını yapmak için ana karakteri tanıtacak 30 saniyelik bir animasyon hazırlarlar. En sonunda Lisberger kamera oyunları ve bilgisayar animasyonlarıyla tam uzunlukta bir film yapmaya karar verir. Walt Disney kabul edene kadar bir çok film stüdyosu Tron gibi bir çalışmaya finansal ve dağıtımsal destek sunmayı reddetmiştir.</description>
    </item>
    
  </channel>
</rss>
