<?xml version="1.0" encoding="utf-8" standalone="yes"?>
<rss version="2.0" xmlns:atom="http://www.w3.org/2005/Atom">
  <channel>
    <title>antik on Sabahlatan</title>
    <link>https://reborn.sabahlatan.com/tags/antik/</link>
    <description>Recent content in antik on Sabahlatan</description>
    <generator>Hugo -- gohugo.io</generator>
    <language>tr-tr</language>
    <lastBuildDate>Thu, 27 Oct 2016 00:00:00 +0000</lastBuildDate><atom:link href="https://reborn.sabahlatan.com/tags/antik/index.xml" rel="self" type="application/rss+xml" />
    <item>
      <title>Deus Ex Machina</title>
      <link>https://reborn.sabahlatan.com/blog/deus-ex-machina/</link>
      <pubDate>Thu, 27 Oct 2016 00:00:00 +0000</pubDate>
      
      <guid>https://reborn.sabahlatan.com/blog/deus-ex-machina/</guid>
      <description>Antik Yunan ve Roma tiyatrosunda, gitgide karmaşıklaşan oyun senaryolarını, iç içe giren olay örgülerini tek seferde çözüme ulaştırmak için kullanılan yöntemin adı olan Latince bir terim deus ex machina. Bugünkü eserlerde de kendine yer buluyor. Esasında çok basit bir kavram. İfadenin kökenine bakıldığında ismini karşılayan, net bir uygulama görülüyor. Deus ex machina ifadesi &amp;ldquo;makineden tanrı&amp;rdquo; anlamını taşır. Oyun boyunca işler karmakarışık bir hale geliyor ve oyunun sonunda mekanik bir düzenek yardımıyla yukarı kaldırılan, tanrıyı oynayan bir karakter her şeyi olması gereken hale getiriyor.</description>
    </item>
    
  </channel>
</rss>
