<?xml version="1.0" encoding="utf-8" standalone="yes"?>
<rss version="2.0" xmlns:atom="http://www.w3.org/2005/Atom">
  <channel>
    <title>program on Sabahlatan</title>
    <link>https://reborn.sabahlatan.com/categories/program/</link>
    <description>Recent content in program on Sabahlatan</description>
    <generator>Hugo -- gohugo.io</generator>
    <language>tr-tr</language>
    <lastBuildDate>Tue, 07 Apr 2015 00:00:00 +0000</lastBuildDate><atom:link href="https://reborn.sabahlatan.com/categories/program/index.xml" rel="self" type="application/rss+xml" />
    <item>
      <title>Eski Windows&#39;unuzu Arındırmak Adına En Hafif Çözüm: ComboFix</title>
      <link>https://reborn.sabahlatan.com/blog/bilgisayarinizi-arindirmak-ve-rahatlatmak-adina-en-hafif-cozum-combofix/</link>
      <pubDate>Tue, 07 Apr 2015 00:00:00 +0000</pubDate>
      
      <guid>https://reborn.sabahlatan.com/blog/bilgisayarinizi-arindirmak-ve-rahatlatmak-adina-en-hafif-cozum-combofix/</guid>
      <description>Her geçen gün bilgisayarların donanımsal kapasiteleri gittikçe artsa da gereksiz yere şişirilen yazılımlar son kullanıcıyı deliye döndürebiliyor. Yerine getirmesi gereken görev çok basit olsa da; yanında getirdiği bir ton boş özellikle bilgisayarda lüzumsuz yer kaplayan, bilgisayarı yoran bu yazılımlar için bloatware terimi kullanılıyor. Bu konuda en güzel örnekler Adobe Acrobat Reader ve Nero denen zırvalar.
Bunların dışında bir bilgisayarı genel olarak en çok yoran uygulamaların başında her zaman çalışan antivirüs programları geliyor.</description>
    </item>
    
  </channel>
</rss>
