<?xml version="1.0" encoding="utf-8" standalone="yes"?>
<rss version="2.0" xmlns:atom="http://www.w3.org/2005/Atom">
  <channel>
    <title>abiyogenez on Sabahlatan</title>
    <link>https://reborn.sabahlatan.com/tags/abiyogenez/</link>
    <description>Recent content in abiyogenez on Sabahlatan</description>
    <generator>Hugo -- gohugo.io</generator>
    <language>tr-tr</language>
    <lastBuildDate>Mon, 18 May 2015 00:00:00 +0000</lastBuildDate><atom:link href="https://reborn.sabahlatan.com/tags/abiyogenez/index.xml" rel="self" type="application/rss+xml" />
    <item>
      <title>Abiyogenez, Canlılığın Ortaya Çıkışı ve Oluşum Süreçleri</title>
      <link>https://reborn.sabahlatan.com/blog/abiyogenez-canliligin-ortaya-cikisi-ve-olusumu/</link>
      <pubDate>Mon, 18 May 2015 00:00:00 +0000</pubDate>
      
      <guid>https://reborn.sabahlatan.com/blog/abiyogenez-canliligin-ortaya-cikisi-ve-olusumu/</guid>
      <description>Canlılığın meydana gelişi her zaman insanlığın kafasını karıştıran başlıca fenomenlerden biri olmuştur. Bu konu hakkında farklı devirlerde birbirinden farklı kuramlar ortaya atılmıştır. Cansız maddelerden ilk canlının oluşumu şu an dahi gizemini koruyan ve bilimsel açıdan henüz net bir kurama oturtulamamış bir durumdur. Bu konu hakkında bir noktaya kadarını açıklayabilmiş çeşitli deneyler ve kuramlar mevcut. Fakat farklı parçalardan ziyade tam olarak açıklayabilmek için bilimin biraz daha ilerlemesi gerekecek.
Abiyogenez (İngilizcesi abiogenesis) cansızdan canlı oluşumu anlamına gelir ve bu konuyu inceleyen bilim dalıdır.</description>
    </item>
    
  </channel>
</rss>
