<?xml version="1.0" encoding="utf-8" standalone="yes"?>
<rss version="2.0" xmlns:atom="http://www.w3.org/2005/Atom">
  <channel>
    <title>android on Sabahlatan</title>
    <link>https://reborn.sabahlatan.com/tags/android/</link>
    <description>Recent content in android on Sabahlatan</description>
    <generator>Hugo -- gohugo.io</generator>
    <language>tr-tr</language>
    <lastBuildDate>Thu, 27 Oct 2016 00:00:00 +0000</lastBuildDate><atom:link href="https://reborn.sabahlatan.com/tags/android/index.xml" rel="self" type="application/rss+xml" />
    <item>
      <title>Astronomi, Uzay ve Gökyüzü Gözlem Uygulamaları</title>
      <link>https://reborn.sabahlatan.com/blog/astronomi-uzay-ve-gokyuzu-gozlem-uygulamalari/</link>
      <pubDate>Thu, 27 Oct 2016 00:00:00 +0000</pubDate>
      
      <guid>https://reborn.sabahlatan.com/blog/astronomi-uzay-ve-gokyuzu-gozlem-uygulamalari/</guid>
      <description>Astronomiye, gökyüzü gözlemlerine ve evrenin derinliklerine meraklıysanız bu alanlarda ilginizi tatmin edecek çeşitli bilgisayar ve mobil uygulamaları mevcut. Bunlar ister bulunduğunuz yerde veya dünyanın herhangi bir noktasında gökyüzünde o an hangi gökcisimlerinin bulunduğunu öğrenmenizi, ister çeşitli gökcisimlerini yakından görmenizi ve tanımanızı sağlayacak uygulamalar. Her biri alternatiften ziyade, bir diğerinde olmayan özellikler taşıyor.
Stellarium Amatör olarak astronomiyle ilgileniyorsanız Stellarium&amp;rsquo;a aşina veya en azından adını duymuş olabilirsiniz. Stellarium açık kaynak kodlu bir bilgisayar uygulaması.</description>
    </item>
    
    <item>
      <title>Kayıtlı Wi-Fi Şifresini Görüntülemek</title>
      <link>https://reborn.sabahlatan.com/blog/cesitli-platformlarda-kayitli-wi-fi-sifresini-goruntulemek/</link>
      <pubDate>Sun, 23 Oct 2016 00:00:00 +0000</pubDate>
      
      <guid>https://reborn.sabahlatan.com/blog/cesitli-platformlarda-kayitli-wi-fi-sifresini-goruntulemek/</guid>
      <description>Teknolojinin ulaştığı noktanın etkisiyle kablosuz ağlara bağlanan cihazlar artık her evin dört bir köşesinde yer alıyor. İnsanlar artık kablosuz bağlantılar olmadan yaşayamaz halde. Tabii bu bağlanılan ağlar güvenlik anahtarı, yani ağa bağlanma şifresi kullandığında zaman içinde başka bir cihazı bu ağa bağlamak gerektiğinde unutulabiliyor.
Mevcut ağ ev tipi bir modem bağlantısı olduğunda ve ağ sahibi iken web tarayıcısı olan bir cihazla 192.168.1.1 şeklindeki adrese girerek modem arayüzüne bağlandıktan sonra şifreyi görmek ve değiştirmek mümkün.</description>
    </item>
    
    <item>
      <title>Android Devasa Thumbnail Sorununun Çözümü</title>
      <link>https://reborn.sabahlatan.com/blog/android-devasa-thumbnail-sorununun-cozumu/</link>
      <pubDate>Sat, 08 Oct 2016 00:00:00 +0000</pubDate>
      
      <guid>https://reborn.sabahlatan.com/blog/android-devasa-thumbnail-sorununun-cozumu/</guid>
      <description>Android işletim sistemli birçok telefonda gittikçe şişerek çok fazla yer kaplayan thumbnail (küçük resim) dosyaları sorunu var. Bu dosyalar çok kısa süre içerisinde biriken dosyalar birkaç yüz megabyte boyutundan birkaç gigabyte boyutuna erişerek telefon hafızasında önemli yer kaplıyor. Telefonun kendi hafızası da küçükse, çalışmak için boş hafıza talep eden Galeri gibi birçok uygulama da kullanılamaz hale geliyor. Thumbnail dosyaları, bunları silseniz dahi tekrar eski boyutuna çok zaman almadan ulaşıyor, uygulamaların birkaç kullanımından sonra aynı boyuta tekrar erişiyor.</description>
    </item>
    
    <item>
      <title>Hayatı Kolaylaştıran 5 Android Uygulaması</title>
      <link>https://reborn.sabahlatan.com/blog/hayati-kolaylastiran-5-android-uygulamasi/</link>
      <pubDate>Mon, 20 Apr 2015 00:00:00 +0000</pubDate>
      
      <guid>https://reborn.sabahlatan.com/blog/hayati-kolaylastiran-5-android-uygulamasi/</guid>
      <description>Artık insanlar için hayatın akıllı telefonları ve internet olmadan akmadığı su götürmez bir gerçek. Yanlarından ayırmadıkları akıllı telefonlarıyla canları sıkıldığı zaman oyun oynamak olsun, istediklerinde bir şeyler izlemek veya okumak gibi eylemler olsun kolaylıkla ve hızlı bir şekilde gerçekleştirebiliyorlar. Hayatı bu kadar hızlandıran bir icattan kimse mahrum kalmak istemez. Elbette içerisinde çeşitli uygulamalar olmadıkça bir akıllı telefon büyük oranda boş bir kutu. Bu uygulamalar olmadıktan sonra akıllı telefonlar yalnızca rahatça internete girmek, müzik dinlemek, takvim ve ses kaydı gibi temel işlevler için kullanılabilir.</description>
    </item>
    
  </channel>
</rss>
