<?xml version="1.0" encoding="utf-8" standalone="yes"?>
<rss version="2.0" xmlns:atom="http://www.w3.org/2005/Atom">
  <channel>
    <title>amerikanin-kesfi on Sabahlatan</title>
    <link>https://reborn.sabahlatan.com/tags/amerikanin-kesfi/</link>
    <description>Recent content in amerikanin-kesfi on Sabahlatan</description>
    <generator>Hugo -- gohugo.io</generator>
    <language>tr-tr</language>
    <lastBuildDate>Mon, 03 Sep 2018 00:00:00 +0000</lastBuildDate><atom:link href="https://reborn.sabahlatan.com/tags/amerikanin-kesfi/index.xml" rel="self" type="application/rss+xml" />
    <item>
      <title>Domatesin İlginç Tarihi</title>
      <link>https://reborn.sabahlatan.com/blog/domatesin-ilginc-tarihi/</link>
      <pubDate>Mon, 03 Sep 2018 00:00:00 +0000</pubDate>
      
      <guid>https://reborn.sabahlatan.com/blog/domatesin-ilginc-tarihi/</guid>
      <description>Bundan yaklaşık 500 yıl önce domates görseydiniz muhtemelen yemezdiniz. Çünkü Avrupalılar tarafından pek beğenilmemiş hatta zehirli olduğu düşünülmüş bir bitki. Peki domates soframıza nasıl girdi? Öncelikle domatesin kökenine bakalım.
Domatesin Kökeni ve Yayılması Domatesin kökeni Amerika’dır. Peru, Şili, Bolivya ve Ekvator&amp;rsquo;da doğal olarak yetişmektedir. Amerika&amp;rsquo;nın yerlileri olan Aztekler domates yetiştiriciliği yapmaktaydılar. Ancak ilk defa kimlerin domatesi kültüre aldığı tam olarak bilinmiyor. Aztekler bu bitkiye Tomatl ismini vermişlerdi. İspanyollar buna tomate dediler ve dilimize domates olarak girdi.</description>
    </item>
    
  </channel>
</rss>
