<?xml version="1.0" encoding="utf-8" standalone="yes"?>
<rss version="2.0" xmlns:atom="http://www.w3.org/2005/Atom">
  <channel>
    <title>android-podcast on Sabahlatan</title>
    <link>https://reborn.sabahlatan.com/tags/android-podcast/</link>
    <description>Recent content in android-podcast on Sabahlatan</description>
    <generator>Hugo -- gohugo.io</generator>
    <language>tr-tr</language>
    <lastBuildDate>Sun, 12 Aug 2018 00:00:00 +0000</lastBuildDate><atom:link href="https://reborn.sabahlatan.com/tags/android-podcast/index.xml" rel="self" type="application/rss+xml" />
    <item>
      <title>Podcast Nedir, Ne Değildir</title>
      <link>https://reborn.sabahlatan.com/blog/podcast-nedir-ne-degildir/</link>
      <pubDate>Sun, 12 Aug 2018 00:00:00 +0000</pubDate>
      
      <guid>https://reborn.sabahlatan.com/blog/podcast-nedir-ne-degildir/</guid>
      <description>Son zamanlarda Türkiye&amp;rsquo;de popülaritesi oldukça artıyor olsa da, podcast kavramı çoğu zaman yanlış biliniyor. Özellikle podcast&amp;rsquo;i Youtube gibi video paylaşım sitelerinden öğrenenler bu teknolojiyi olduğundan çok farklı bir sınıfa sokuyor. Popüler olmasının bir başka nedeni ise Spotify gibi platformlar&amp;rsquo;a gelen podcast desteği. Podcast ilk bakışta kayıtlı radyo programı olarak da algılanabilir, fakat bundan çok daha kapsamlı bir kavram. Halihazırda radyolar ve televizyonlar dahil birçok kuruluş yayınlarını podcast olarak sunmayı tercih edebiliyor.</description>
    </item>
    
  </channel>
</rss>
