<?xml version="1.0" encoding="utf-8" standalone="yes"?>
<rss version="2.0" xmlns:atom="http://www.w3.org/2005/Atom">
  <channel>
    <title>aamir-khan-kimdir on Sabahlatan</title>
    <link>https://reborn.sabahlatan.com/tags/aamir-khan-kimdir/</link>
    <description>Recent content in aamir-khan-kimdir on Sabahlatan</description>
    <generator>Hugo -- gohugo.io</generator>
    <language>tr-tr</language>
    <lastBuildDate>Mon, 06 Apr 2015 00:00:00 +0000</lastBuildDate><atom:link href="https://reborn.sabahlatan.com/tags/aamir-khan-kimdir/index.xml" rel="self" type="application/rss+xml" />
    <item>
      <title>İzlemeniz Gereken Aamir Khan Filmleri</title>
      <link>https://reborn.sabahlatan.com/blog/izlemeniz-gereken-aamir-khan-filmleri/</link>
      <pubDate>Mon, 06 Apr 2015 00:00:00 +0000</pubDate>
      
      <guid>https://reborn.sabahlatan.com/blog/izlemeniz-gereken-aamir-khan-filmleri/</guid>
      <description>Peekay ( PK ) Yönetmen: Rajkumar Hirani IMDB: 8,7 P.K. ayrı bir dünyadan gelen ve evine gitmenin yolunu arayan biridir. Dünya serüveninde insanlara sorduğu sorularla bir anda bütün dikkatleri üzerine çeker. Bu sorular çocukça ve masum sorulardır ancak cevabı oldukça zordur. Felsefenin sınırlarını zorlayan kişiler dahi cevap verememektedir. Muzipliği ve sorduğu sorularla kendine iyi dostlar edinir. Kahkaha, dram ve bir aşk masalını bir arada yaşatan oldukça güzel bir filmdir.
Dhoom 3 Yönetmen: Vijay Krishna Acharya IMDB: 5,9 IMDB puanına bakıp aldanmamak gerek.</description>
    </item>
    
  </channel>
</rss>
