<?xml version="1.0" encoding="utf-8" standalone="yes"?>
<rss version="2.0" xmlns:atom="http://www.w3.org/2005/Atom">
  <channel>
    <title>algi on Sabahlatan</title>
    <link>https://reborn.sabahlatan.com/tags/algi/</link>
    <description>Recent content in algi on Sabahlatan</description>
    <generator>Hugo -- gohugo.io</generator>
    <language>tr-tr</language>
    <lastBuildDate>Mon, 30 Nov 2015 00:00:00 +0000</lastBuildDate><atom:link href="https://reborn.sabahlatan.com/tags/algi/index.xml" rel="self" type="application/rss+xml" />
    <item>
      <title>Homunculus Nedir? Simya ve Sinirbilim Tanımları</title>
      <link>https://reborn.sabahlatan.com/blog/beyindeki-bir-takim-adamlar-homunculus/</link>
      <pubDate>Mon, 30 Nov 2015 00:00:00 +0000</pubDate>
      
      <guid>https://reborn.sabahlatan.com/blog/beyindeki-bir-takim-adamlar-homunculus/</guid>
      <description>Homunculus kelimesinin taşıdığı birden fazla anlam var. Fakat hepsinin buluştuğu temel nokta, küçük boyutlu bir insan figürü şeklinde. Homunculus kelimesi Latince &amp;ldquo;küçük adam&amp;rdquo; veya &amp;ldquo;adamcık&amp;rdquo; anlamına geliyor. &amp;ldquo;Homunculus nedir&amp;rdquo; dendiğinde karşımıza birden fazla anlam çıkıyor. Önce homunculus teriminin simya dünyasında ortaya çıkışına giriş yapalım, ardından asıl bilimsel yaklaşımı olan sinirbilimdeki yerine bakarız.
Simyada Homunculus Henüz doğa bilimlerinin tam anlamıyla emekleme aşamasından kurtulamadığı zamanlarda, bilim ve safsataların iç içe bulunduğu süreçte simya; kimya biliminin öncülü olarak ortaya çıktı.</description>
    </item>
    
  </channel>
</rss>
