<?xml version="1.0" encoding="utf-8" standalone="yes"?>
<rss version="2.0" xmlns:atom="http://www.w3.org/2005/Atom">
  <channel>
    <title>3d-barber-shop on Sabahlatan</title>
    <link>https://reborn.sabahlatan.com/tags/3d-barber-shop/</link>
    <description>Recent content in 3d-barber-shop on Sabahlatan</description>
    <generator>Hugo -- gohugo.io</generator>
    <language>tr-tr</language>
    <lastBuildDate>Sat, 02 Dec 2017 00:00:00 +0000</lastBuildDate><atom:link href="https://reborn.sabahlatan.com/tags/3d-barber-shop/index.xml" rel="self" type="application/rss+xml" />
    <item>
      <title>Duyuları ve Bilinci Aldatmak</title>
      <link>https://reborn.sabahlatan.com/blog/bedeni-kandirmak/</link>
      <pubDate>Sat, 02 Dec 2017 00:00:00 +0000</pubDate>
      
      <guid>https://reborn.sabahlatan.com/blog/bedeni-kandirmak/</guid>
      <description>Duyu organları ve bunlardan gelen sinyallere göre hesaplama yapan birimler görevini genellikle olması gerektiği gibi yerine getirse de, çok kolay manipüle edilebilir bir yapıya sahip. Canlı vücutlarını incelemeden önce bilgisayarlardan örnek verelim. Zaman zaman bilgisayarlarınızı, makinelerinizi daha iyi veya ortamda az imkan olması durumunda kandırma gereği duyduğunuz oluyordur. Çalışmak için CD veya DVD okuyucuda bir disk görmeye ihtiyaç duyan yazılımları çalıştırmak için sanal sürücü kullanmak gibi, Pokémon GO oyununu oturduğunuz yerden oynamak için sahte GPS uygulamaları kullanmak gibi örnekler verilebilir.</description>
    </item>
    
  </channel>
</rss>
