<?xml version="1.0" encoding="utf-8" standalone="yes"?>
<rss version="2.0" xmlns:atom="http://www.w3.org/2005/Atom">
  <channel>
    <title>10-parmak on Sabahlatan</title>
    <link>https://reborn.sabahlatan.com/tags/10-parmak/</link>
    <description>Recent content in 10-parmak on Sabahlatan</description>
    <generator>Hugo -- gohugo.io</generator>
    <language>tr-tr</language>
    <lastBuildDate>Mon, 25 May 2015 00:00:00 +0000</lastBuildDate><atom:link href="https://reborn.sabahlatan.com/tags/10-parmak/index.xml" rel="self" type="application/rss+xml" />
    <item>
      <title>Q Klavye ve Tuhaf Ortaya Çıkış Hikayesi</title>
      <link>https://reborn.sabahlatan.com/blog/ortaya-cikis-amaci-yavas-yazmak-olan-q-klavye/</link>
      <pubDate>Mon, 25 May 2015 00:00:00 +0000</pubDate>
      
      <guid>https://reborn.sabahlatan.com/blog/ortaya-cikis-amaci-yavas-yazmak-olan-q-klavye/</guid>
      <description>Q klavyenin, ya da QWERTY klavyenin kullanım popülaritesi ve insanların Q klavyeye olan yüksek alışkanlıkları tartışılmaz bir gerçek. Bilgisayar kullanan hemen herkes belli bir süreç sonrasında bu klavye türüne gittikçe alışıyor ve kullanırken son derece hızlı yazmaya başlıyor. Türkiye&amp;rsquo;deki devlet kurumlarında milli klavye olarak kabul edilen F klavyenin yaygınlaştırılma çabası elbette çoğu kişinin hoşuna gitmiyor. Q klavye üzerindeki tuşlara yerinde basmak artık bir refleks haline gelmişken bambaşka bir klavye türünü kullanmak insanları ters köşeye yatırıyor.</description>
    </item>
    
  </channel>
</rss>
