<?xml version="1.0" encoding="utf-8" standalone="yes"?>
<rss version="2.0" xmlns:atom="http://www.w3.org/2005/Atom">
  <channel>
    <title>ampul on Sabahlatan</title>
    <link>https://reborn.sabahlatan.com/tags/ampul/</link>
    <description>Recent content in ampul on Sabahlatan</description>
    <generator>Hugo -- gohugo.io</generator>
    <language>tr-tr</language>
    <lastBuildDate>Thu, 23 Apr 2015 00:00:00 +0000</lastBuildDate><atom:link href="https://reborn.sabahlatan.com/tags/ampul/index.xml" rel="self" type="application/rss+xml" />
    <item>
      <title>Bozulması İçin Üretilen Cihazlar ve Planlı Eskitme</title>
      <link>https://reborn.sabahlatan.com/blog/bozulmasi-icin-uretilen-cihazlar-ve-planli-eskitme/</link>
      <pubDate>Thu, 23 Apr 2015 00:00:00 +0000</pubDate>
      
      <guid>https://reborn.sabahlatan.com/blog/bozulmasi-icin-uretilen-cihazlar-ve-planli-eskitme/</guid>
      <description>Bir ürün aldınız, birkaç sene kullandınız ve durup dururken bu ürün işe yaramaz hale geldi. Kolayca hasar görmüş olabilir. Diğer yandan hasar görmemiş ve dış görünüşünün sorunsuz halde olmasına rağmen iş görmüyor da olabilir. Fark edilebileceği üzere tüm ürünler kullanılmaya başlandıktan belli bir süre sonra ıskartaya çıkmakta. Komplo teorilerine göre bunlar tesadüf değil, üretimde uygulanan bir stratejinin sonucu. Planlı eskitme veya kasıtlı eskitme denen bu olgu yüzünden seri üretime sahip tüm ürünler, tüm cihazlar belli bir kullanım ömründen sonra bozulacak veya iş görmeyecek hale gelecek şekilde üretiliyor.</description>
    </item>
    
  </channel>
</rss>
