<?xml version="1.0" encoding="utf-8" standalone="yes"?>
<rss version="2.0" xmlns:atom="http://www.w3.org/2005/Atom">
  <channel>
    <title>731-birim on Sabahlatan</title>
    <link>https://reborn.sabahlatan.com/tags/731-birim/</link>
    <description>Recent content in 731-birim on Sabahlatan</description>
    <generator>Hugo -- gohugo.io</generator>
    <language>tr-tr</language>
    <lastBuildDate>Thu, 16 Apr 2015 00:00:00 +0000</lastBuildDate><atom:link href="https://reborn.sabahlatan.com/tags/731-birim/index.xml" rel="self" type="application/rss+xml" />
    <item>
      <title>İkinci Dünya Savaşındaki İnsan Deneyleri</title>
      <link>https://reborn.sabahlatan.com/posts/2015/04/ikinci-dunya-savasi-sirasinda-insanlarin-uzerinde-yapilan-deneyler/</link>
      <pubDate>Thu, 16 Apr 2015 00:00:00 +0000</pubDate>
      
      <guid>https://reborn.sabahlatan.com/posts/2015/04/ikinci-dunya-savasi-sirasinda-insanlarin-uzerinde-yapilan-deneyler/</guid>
      <description>İkinci Dünya Savaşı çok fazla kaybın nedeni olsa da, insanlığın bir o kadar da ilerleme kaydetmesini sağlamıştır. Teknoloji, sağlık ve bunların dışında silah teknolojisi bu savaştan sonra tavan yapmıştır. Savaşın ortalarında galip pozisyondaki kimi ülkeler bu durumlarını fırsat bilerek işgal ettikleri ülkelerde insanları çeşitli şekillerde kullanmıştır. Herkesin bildiği Nazi Almanyası&amp;rsquo;nın Yahudiler, eşcinseller ve diğer enteresan gördükleri halklara karşı uyguladığı eylemler dışında müttefikleri olan Japonların da kendi yakınındaki bölgelerde çok da farklı politikaları olmamıştır.</description>
    </item>
    
  </channel>
</rss>
