<?xml version="1.0" encoding="utf-8" standalone="yes"?>
<rss version="2.0" xmlns:atom="http://www.w3.org/2005/Atom">
  <channel>
    <title>abd on Sabahlatan</title>
    <link>https://reborn.sabahlatan.com/tags/abd/</link>
    <description>Recent content in abd on Sabahlatan</description>
    <generator>Hugo -- gohugo.io</generator>
    <language>tr-tr</language>
    <lastBuildDate>Tue, 19 May 2015 00:00:00 +0000</lastBuildDate><atom:link href="https://reborn.sabahlatan.com/tags/abd/index.xml" rel="self" type="application/rss+xml" />
    <item>
      <title>Manhattan Projesi</title>
      <link>https://reborn.sabahlatan.com/posts/2015/05/manhattan-projesi/</link>
      <pubDate>Tue, 19 May 2015 00:00:00 +0000</pubDate>
      
      <guid>https://reborn.sabahlatan.com/posts/2015/05/manhattan-projesi/</guid>
      <description>İkinci Dünya Savaşı&amp;rsquo;nın geride bıraktığı önemli hatıralardan birini oluşturan atom bombasının yapımı gayet sancılı ve ünlü çok sayıda bilim adamını içeren bir süreç. Bu süreç içerisinde kuramsal fizikçi Albert Einstein da önemli bir role sahip durumda. Nükleer silah üretme çabasına giren ABD&amp;rsquo;nin başlattığı bu projeye verdiği isim Manhattan Projesi olmuştur.
İkinci Dünya Savaşı&amp;rsquo;nın güçlü ülkelerinden biri olan Almanya, işgallerine devam ederken bir yandan da güçlü silahlar üretme çabasındaydı. Nazilerin nükleer çalışmaları bilim adalarını tedirgin edecek düzeydeydi.</description>
    </item>
    
    <item>
      <title>Başkanlık Sisteminin Uygulandığı Ülkeler</title>
      <link>https://reborn.sabahlatan.com/posts/2015/04/baskanlik-sisteminin-uygulandigi-ulkeler/</link>
      <pubDate>Wed, 08 Apr 2015 00:00:00 +0000</pubDate>
      
      <guid>https://reborn.sabahlatan.com/posts/2015/04/baskanlik-sisteminin-uygulandigi-ulkeler/</guid>
      <description>Son günler Türkiye gündemini meşgul eden konulardan biri de başkanlık sisteminin Türkiye&amp;rsquo;ye gelmesi konusu. Kimin bu sistemi neden istediği, ne için kullanma çabasında olduğu gayet açık olsa da bu yazıda buna girmiyoruz. Başkanlık sistemi temel olarak hükümet başkanının aynı zamanda devlet başkanı olduğu bir rejimdir. Yasama, yürütme ve yargı kesin sınırla ayrılmış biçimde ve yürütme organının iktidar imkanları genişletilmiş haldedir. Yasama yetkisi parlamentoya aittir. Devlet başkanı ve parlamento üyeleri halk tarafından doğrudan veya dolaylı olacak bir biçimde seçilir.</description>
    </item>
    
  </channel>
</rss>
