<?xml version="1.0" encoding="utf-8" standalone="yes"?>
<rss version="2.0" xmlns:atom="http://www.w3.org/2005/Atom">
  <channel>
    <title>akdelik on Sabahlatan</title>
    <link>https://reborn.sabahlatan.com/tags/akdelik/</link>
    <description>Recent content in akdelik on Sabahlatan</description>
    <generator>Hugo -- gohugo.io</generator>
    <language>tr-tr</language>
    <lastBuildDate>Mon, 23 Nov 2015 00:00:00 +0000</lastBuildDate><atom:link href="https://reborn.sabahlatan.com/tags/akdelik/index.xml" rel="self" type="application/rss+xml" />
    <item>
      <title>Var Olandan Olmaması Gerekeni Oluşturmak</title>
      <link>https://reborn.sabahlatan.com/posts/2015/11/var-olandan-olmamasi-gerekeni-olusturmak/</link>
      <pubDate>Mon, 23 Nov 2015 00:00:00 +0000</pubDate>
      
      <guid>https://reborn.sabahlatan.com/posts/2015/11/var-olandan-olmamasi-gerekeni-olusturmak/</guid>
      <description>Tarih boyunca keşfedebildikleri üzerinde çalışan insanoğlu bir noktadan sonra teorik çalışmalara daha fazla ağırlık vermeye başlamıştır. Var olan çeşitli fenomenlerin antitezlerinin de olduğunu varsayarak çeşitli bulgulara ulaşmayı denemiştir. Bir şey doğada varsa, onun tam tersi de bulunmalıdır düşüncesi tarihin çoğu diliminde insanların kafa yorduğu konulardan olmuştur. Değeri karekök -1 olan i sayısı yoktur, karadeliklerin aksine evrene hiç yoktan madde saçan akdelikler yoktur, Doctor Who dizisinin rüya ve uyanıklığın tarşıldığı bir bölümünde işlenen etrafını soğutan bir yıldız türü yoktur.</description>
    </item>
    
    <item>
      <title>Işığın Dahi Kaçamadığı Gökcismi: Karadelik</title>
      <link>https://reborn.sabahlatan.com/posts/2015/04/isigin-dahi-kacamadigi-gizemli-gokcisimleri-karadelikler/</link>
      <pubDate>Thu, 09 Apr 2015 00:00:00 +0000</pubDate>
      
      <guid>https://reborn.sabahlatan.com/posts/2015/04/isigin-dahi-kacamadigi-gizemli-gokcisimleri-karadelikler/</guid>
      <description>Karadelikler güneşten birkaç kat daha büyük yıldızların son evresidir. Karadelikler, muazzam bir çekim gücüne sahip, ışığı dahi içine çekip kaçmasına izin vermeyen gök cisimleridir. Karadeliklerin sonsuz kütleye sahip oldukları varsayılır. Bu kütlelerine rağmen hacimleri çok küçüktür. Kilometrelerle ifade edilebilecek kadar küçüktürler. Karadelik kavramı Albert Einstein&amp;rsquo;ın genel görelilik kuramıyla ortaya çıkmıştır. Sonra Karl Schwarzschild &amp;ldquo;Einstein alan denklemleri&amp;rdquo; adlı kara deliğin varlığı ortaya atan bir yazı yayınlamıştır. 1971 yılında ilk karadelik Uhuru uydusu tarafından Kuğu takımyıldızında tespit edilmiştir.</description>
    </item>
    
    <item>
      <title>Kuasar Nedir, Ne Değildir</title>
      <link>https://reborn.sabahlatan.com/posts/2015/04/kuasar-nedir-ne-degildir/</link>
      <pubDate>Wed, 08 Apr 2015 00:00:00 +0000</pubDate>
      
      <guid>https://reborn.sabahlatan.com/posts/2015/04/kuasar-nedir-ne-degildir/</guid>
      <description>Evrenin geri kalanında yer alan gözlemlenebilir objelerle kıyaslandığında çevresine muazzam güçte enerji yayan gök cisimlerine kuasar deniyor. İngilizcede Quasar ismi &amp;ldquo;Yıldız benzeri radyo kaynağı&amp;rdquo; anlamına gelen &amp;ldquo;Quasi-stellar radio source&amp;rdquo; ifadesinden gelmekte. Standart bir galaksiye nazaran milyonlarca kat küçük boyutlarda olmalarına rağmen bu gök cisimleri bir galaksiden çok daha parlak ve yüksek enerjiye sahip olarak gözlemleniyor. Radyo dalgaları dahi yayabilen bu cisimler ilk keşfedildiklerinde bunların dünyanın gözlemlenebilir evreninde yalnızca en uzak köşelerde, en yaşlı gök cisimleri oldukları düşünülüyordu.</description>
    </item>
    
  </channel>
</rss>
