<?xml version="1.0" encoding="utf-8" standalone="yes"?>
<rss version="2.0" xmlns:atom="http://www.w3.org/2005/Atom">
  <channel>
    <title>alga on Sabahlatan</title>
    <link>https://reborn.sabahlatan.com/tags/alga/</link>
    <description>Recent content in alga on Sabahlatan</description>
    <generator>Hugo -- gohugo.io</generator>
    <language>tr-tr</language>
    <lastBuildDate>Fri, 22 May 2015 00:00:00 +0000</lastBuildDate><atom:link href="https://reborn.sabahlatan.com/tags/alga/index.xml" rel="self" type="application/rss+xml" />
    <item>
      <title>Dünya&#39;nın Gerçek Oksijen Kaynakları Ağaçlar Değildir</title>
      <link>https://reborn.sabahlatan.com/blog/dunyanin-gercek-oksijen-kaynagi-algler/</link>
      <pubDate>Fri, 22 May 2015 00:00:00 +0000</pubDate>
      
      <guid>https://reborn.sabahlatan.com/blog/dunyanin-gercek-oksijen-kaynagi-algler/</guid>
      <description>Geçmişten günümüze kadar bize öğretilen bilgi, bitkilerin asıl oksijen kaynağı olduğudur. Aslında bu doğru değildir. Dünya&amp;rsquo;daki oksijenin çoğu aslında başka canlılar tarafından üretilir. Bize öğretilen bu bilgiler belki de insanların doğayı koruması ve ağaçları kesmemeleri için öğretilmiş olabilir. Sonuçta Dünya&amp;rsquo;da ekolojik denge mevcuttur. Ormanların yok olması da bu ekolojik dengeyi bozabilen faktörlerden biridir. Dünya&amp;rsquo;daki tüm ormanlar oksijenin yaklaşık %20&amp;rsquo;si kadarını fotosentez yoluyla üretmektedir. Geriye kalan kısmını ise Su yosunları yani &amp;ldquo;Algler&amp;rdquo; üretmektedir.</description>
    </item>
    
  </channel>
</rss>
