<?xml version="1.0" encoding="utf-8" standalone="yes"?>
<rss version="2.0" xmlns:atom="http://www.w3.org/2005/Atom">
  <channel>
    <title>androidde-wifi-sifresini-gorme on Sabahlatan</title>
    <link>https://reborn.sabahlatan.com/tags/androidde-wifi-sifresini-gorme/</link>
    <description>Recent content in androidde-wifi-sifresini-gorme on Sabahlatan</description>
    <generator>Hugo -- gohugo.io</generator>
    <language>tr-tr</language>
    <lastBuildDate>Sun, 23 Oct 2016 00:00:00 +0000</lastBuildDate><atom:link href="https://reborn.sabahlatan.com/tags/androidde-wifi-sifresini-gorme/index.xml" rel="self" type="application/rss+xml" />
    <item>
      <title>Kayıtlı Wi-Fi Şifresini Görüntülemek</title>
      <link>https://reborn.sabahlatan.com/blog/cesitli-platformlarda-kayitli-wi-fi-sifresini-goruntulemek/</link>
      <pubDate>Sun, 23 Oct 2016 00:00:00 +0000</pubDate>
      
      <guid>https://reborn.sabahlatan.com/blog/cesitli-platformlarda-kayitli-wi-fi-sifresini-goruntulemek/</guid>
      <description>Teknolojinin ulaştığı noktanın etkisiyle kablosuz ağlara bağlanan cihazlar artık her evin dört bir köşesinde yer alıyor. İnsanlar artık kablosuz bağlantılar olmadan yaşayamaz halde. Tabii bu bağlanılan ağlar güvenlik anahtarı, yani ağa bağlanma şifresi kullandığında zaman içinde başka bir cihazı bu ağa bağlamak gerektiğinde unutulabiliyor.
Mevcut ağ ev tipi bir modem bağlantısı olduğunda ve ağ sahibi iken web tarayıcısı olan bir cihazla 192.168.1.1 şeklindeki adrese girerek modem arayüzüne bağlandıktan sonra şifreyi görmek ve değiştirmek mümkün.</description>
    </item>
    
  </channel>
</rss>
