<?xml version="1.0" encoding="utf-8" standalone="yes"?>
<rss version="2.0" xmlns:atom="http://www.w3.org/2005/Atom">
  <channel>
    <title>anahtarli-kilit on Sabahlatan</title>
    <link>https://reborn.sabahlatan.com/tags/anahtarli-kilit/</link>
    <description>Recent content in anahtarli-kilit on Sabahlatan</description>
    <generator>Hugo -- gohugo.io</generator>
    <language>tr-tr</language>
    <lastBuildDate>Sat, 02 May 2015 00:00:00 +0000</lastBuildDate><atom:link href="https://reborn.sabahlatan.com/tags/anahtarli-kilit/index.xml" rel="self" type="application/rss+xml" />
    <item>
      <title>Kensington Kilidi Nedir?</title>
      <link>https://reborn.sabahlatan.com/blog/dizustu-bilgisayarlarin-guvenlik-kilidi-kensington-kilidi/</link>
      <pubDate>Sat, 02 May 2015 00:00:00 +0000</pubDate>
      
      <guid>https://reborn.sabahlatan.com/blog/dizustu-bilgisayarlarin-guvenlik-kilidi-kensington-kilidi/</guid>
      <description>Dizüstü bilgisayarların sağında, solunda ya da arkasında küçük yuvalar bulunur. Bu yuvaların ne işe yaradığı pek çok kişi tarafından bilinmez. Bu yuvalar hırsızlığa karşı geliştirilmiş bir kilittir. Yani Kensington kilididir. Amerika’da geliştirilmiş olan bu sistemle az da olsa bilgisayarınızı koruyabiliyorsunuz. Özellikle cihazınızı kafe, kütüphane gibi halka açık yerlere götürüyorsanız kullanmanız gereken bir kilittir.
Kensington Kilidi Nasıl Kullanılır? Metal olan güvenlik kablosunun bir ucunda Kensington yuvasına bağlanan şifreli ya da anahtarlı bir kilit vardır.</description>
    </item>
    
  </channel>
</rss>
