<?xml version="1.0" encoding="utf-8" standalone="yes"?>
<rss version="2.0" xmlns:atom="http://www.w3.org/2005/Atom">
  <channel>
    <title>sinirbilim on Sabahlatan</title>
    <link>https://reborn.sabahlatan.com/categories/sinirbilim/</link>
    <description>Recent content in sinirbilim on Sabahlatan</description>
    <generator>Hugo -- gohugo.io</generator>
    <language>tr-tr</language>
    <lastBuildDate>Tue, 25 Oct 2016 00:00:00 +0000</lastBuildDate><atom:link href="https://reborn.sabahlatan.com/categories/sinirbilim/index.xml" rel="self" type="application/rss+xml" />
    <item>
      <title>Warp Drive: Işık Hızına Ulaşamıyorsan Evreni Dalgalandır</title>
      <link>https://reborn.sabahlatan.com/blog/warp-drive-isik-hizina-ulasamiyorsan-evreni-dalgalandir/</link>
      <pubDate>Tue, 25 Oct 2016 00:00:00 +0000</pubDate>
      
      <guid>https://reborn.sabahlatan.com/blog/warp-drive-isik-hizina-ulasamiyorsan-evreni-dalgalandir/</guid>
      <description>Değil Gözlemlenebilir Evren, değil Galaksiler, yalnızca yıldızlararası boşluklar dahi insan beyninin kavramakta zorlanacağı devasa mesafelere sahip. Güneş Sistemi dışında ulaşılabilecek en yakın yıldız sistemi olan Alfa Centauri yaklaşık 4 ışıkyılı uzaklıkta. Bu demek oluyor ki ışık hızıyla yapılan bir seyahat ile ancak 4 yılda o yıldıza ulaşılabilecek.
Gelgelelim insanoğlunun ışık hızına ulaşması bugünün bilimine göre mümkün değil. Işık hızına ulaşabilmek için enerjiye dönüşmek gerekir. Bir maddeyi gitgide ışık hızına yaklaştırdıkça o maddenin kütlesi Albert Einstein&amp;rsquo;ın denklemlerine göre hızla artar.</description>
    </item>
    
    <item>
      <title>Zamanda Yolculuk: Bilim Kurgunun En Önemli Kavramı</title>
      <link>https://reborn.sabahlatan.com/blog/zamanda-yolculuk/</link>
      <pubDate>Sat, 22 Oct 2016 00:00:00 +0000</pubDate>
      
      <guid>https://reborn.sabahlatan.com/blog/zamanda-yolculuk/</guid>
      <description>Bilindiği üzere zamanda yolculuk konusunun işlendiği tüm eserlerde bu kavram kurgu yaratıcısının elinde patlar. Çünkü özellikle geçmişe yolculuğun henüz bilimsel bir dayanağı yoktur. Bu konu hakkındaki tüm görüşler insanlar tarafından ortaya atılan hipotezlerdir. Bu fikirler de birbirinden fazlasıyla farklılık içerir. Söz konusu geçmişe yolculuk olduğunda tüm bu nedenlerden dolayı net bir taslak oluşamaz. Geçmişe gidilerek bir değişiklik yapıldığında gelecekte ne olacağını insanoğlu halen kafasında oturtamamıştır. Geleceğin değişeceği, geleceğin asla değişemeyeceği ve geçmişte yapılan değişikliğin aslında her zaman mevcut olduğu ve bir şekilde fark edilmediği, her değişiklik sonucunda paralel evrenler oluşturulduğu gibi görüşler farklı eserlerde farklı formatlarla işlenir.</description>
    </item>
    
  </channel>
</rss>
