<?xml version="1.0" encoding="utf-8" standalone="yes"?>
<rss version="2.0" xmlns:atom="http://www.w3.org/2005/Atom">
  <channel>
    <title>aktivizm on Sabahlatan</title>
    <link>https://reborn.sabahlatan.com/tags/aktivizm/</link>
    <description>Recent content in aktivizm on Sabahlatan</description>
    <generator>Hugo -- gohugo.io</generator>
    <language>tr-tr</language>
    <lastBuildDate>Wed, 22 Aug 2018 00:00:00 +0000</lastBuildDate><atom:link href="https://reborn.sabahlatan.com/tags/aktivizm/index.xml" rel="self" type="application/rss+xml" />
    <item>
      <title>Okyanuslardaki Dev Çöp Adaları ve Onları Ülke Yapma Çabası</title>
      <link>https://reborn.sabahlatan.com/blog/okyanuslardaki-ulke-olmaya-aday-dev-cop-adalari/</link>
      <pubDate>Wed, 22 Aug 2018 00:00:00 +0000</pubDate>
      
      <guid>https://reborn.sabahlatan.com/blog/okyanuslardaki-ulke-olmaya-aday-dev-cop-adalari/</guid>
      <description>Dünya üzerindeki kirlilik devasa boyutlara ulaşmış durumda. Özellikle su kaynaklarındaki kirlenme canlılığı büyük oranda tehdit ediyor. Çöpler ve atıklar besin zincirlerinin içine her geçen gün daha fazla girmekte. Bu yüzden zincirin neresinde olursa olsun neredeyse tüm canlılık bundan kötü bir şekilde etkileniyor. Atıkların canlılara biyolojik etkilerinin yanı sıra direkt olarak olumsuz fiziksel etkileri de çok fazla. Başta kuşlar olmak üzere balıklar, kaplumbağalar ve sayısız canlı çöplerden dolayı telef oluyor.
İnsanlığın plastiği yoğun bir şekilde dünya çapında kullanmaya başlaması geçen yüzyılın yarısından daha öteye gitmese de, artık insanoğlu başa çıkamayacağı büyüklükte dev plastik çöp kütleleri oluşturmuş durumda.</description>
    </item>
    
  </channel>
</rss>
