<?xml version="1.0" encoding="utf-8" standalone="yes"?>
<rss version="2.0" xmlns:atom="http://www.w3.org/2005/Atom">
  <channel>
    <title>altin-oran-hakkinda-bilgiler on Sabahlatan</title>
    <link>https://reborn.sabahlatan.com/tags/altin-oran-hakkinda-bilgiler/</link>
    <description>Recent content in altin-oran-hakkinda-bilgiler on Sabahlatan</description>
    <generator>Hugo -- gohugo.io</generator>
    <language>tr-tr</language>
    <lastBuildDate>Wed, 17 Apr 2019 00:00:00 +0000</lastBuildDate><atom:link href="https://reborn.sabahlatan.com/tags/altin-oran-hakkinda-bilgiler/index.xml" rel="self" type="application/rss+xml" />
    <item>
      <title>Altın Oran Hakkında</title>
      <link>https://reborn.sabahlatan.com/blog/altin-oran-hakkinda/</link>
      <pubDate>Wed, 17 Apr 2019 00:00:00 +0000</pubDate>
      
      <guid>https://reborn.sabahlatan.com/blog/altin-oran-hakkinda/</guid>
      <description>Konuya Giriş &amp;ldquo;Bu şekil var olan en güzel eğridir.&amp;quot; Alfred Russel Wallace (1823-1913)
Bir doğru parçası düşünelim. Bu doğru parçası belirli bir yol uzunluğu veya kağıtta çizdiğimiz herhangi bir uzunluktan ibaret olabilir. Yeter ki gözümüzle gördüğümüz bir doğru parçası olsun.
Hiç Fibonacci sayılarını duydunuz mu? Evet yukarıdaki söze sahip kişinin bulduğu sayılar. Konuyla çok alakası var. Her sayıyı kendisinden öncekiyle topluyoruz. Doğal sayılar kümesinde 0 dan başlayalım.
0+0 yine sıfır etti.</description>
    </item>
    
  </channel>
</rss>
