<?xml version="1.0" encoding="utf-8" standalone="yes"?>
<rss version="2.0" xmlns:atom="http://www.w3.org/2005/Atom">
  <channel>
    <title>Categories on Sabahlatan</title>
    <link>https://reborn.sabahlatan.com/categories/</link>
    <description>Recent content in Categories on Sabahlatan</description>
    <generator>Hugo -- gohugo.io</generator>
    <language>tr-tr</language>
    <lastBuildDate>Mon, 31 Aug 2020 00:00:00 +0000</lastBuildDate><atom:link href="https://reborn.sabahlatan.com/categories/index.xml" rel="self" type="application/rss+xml" />
    <item>
      <title>astronomi</title>
      <link>https://reborn.sabahlatan.com/categories/astronomi/</link>
      <pubDate>Mon, 31 Aug 2020 00:00:00 +0000</pubDate>
      
      <guid>https://reborn.sabahlatan.com/categories/astronomi/</guid>
      <description></description>
    </item>
    
    <item>
      <title>bilim</title>
      <link>https://reborn.sabahlatan.com/categories/bilim/</link>
      <pubDate>Mon, 31 Aug 2020 00:00:00 +0000</pubDate>
      
      <guid>https://reborn.sabahlatan.com/categories/bilim/</guid>
      <description></description>
    </item>
    
    <item>
      <title>teknoloji</title>
      <link>https://reborn.sabahlatan.com/categories/teknoloji/</link>
      <pubDate>Tue, 25 Aug 2020 00:00:00 +0000</pubDate>
      
      <guid>https://reborn.sabahlatan.com/categories/teknoloji/</guid>
      <description></description>
    </item>
    
    <item>
      <title>genel-kultur</title>
      <link>https://reborn.sabahlatan.com/categories/genel-kultur/</link>
      <pubDate>Sun, 28 Jun 2020 00:00:00 +0000</pubDate>
      
      <guid>https://reborn.sabahlatan.com/categories/genel-kultur/</guid>
      <description></description>
    </item>
    
    <item>
      <title>standart</title>
      <link>https://reborn.sabahlatan.com/categories/standart/</link>
      <pubDate>Sun, 28 Jun 2020 00:00:00 +0000</pubDate>
      
      <guid>https://reborn.sabahlatan.com/categories/standart/</guid>
      <description></description>
    </item>
    
    <item>
      <title>programlama-ve-tasarim</title>
      <link>https://reborn.sabahlatan.com/categories/programlama-ve-tasarim/</link>
      <pubDate>Sat, 18 Apr 2020 00:00:00 +0000</pubDate>
      
      <guid>https://reborn.sabahlatan.com/categories/programlama-ve-tasarim/</guid>
      <description></description>
    </item>
    
    <item>
      <title>kurgusal-evrenler</title>
      <link>https://reborn.sabahlatan.com/categories/kurgusal-evrenler/</link>
      <pubDate>Wed, 08 Apr 2020 00:00:00 +0000</pubDate>
      
      <guid>https://reborn.sabahlatan.com/categories/kurgusal-evrenler/</guid>
      <description></description>
    </item>
    
    <item>
      <title>oyun</title>
      <link>https://reborn.sabahlatan.com/categories/oyun/</link>
      <pubDate>Tue, 07 Apr 2020 00:00:00 +0000</pubDate>
      
      <guid>https://reborn.sabahlatan.com/categories/oyun/</guid>
      <description></description>
    </item>
    
    <item>
      <title>biyoloji-2</title>
      <link>https://reborn.sabahlatan.com/categories/biyoloji-2/</link>
      <pubDate>Wed, 27 Feb 2019 00:00:00 +0000</pubDate>
      
      <guid>https://reborn.sabahlatan.com/categories/biyoloji-2/</guid>
      <description></description>
    </item>
    
    <item>
      <title>ekonomi</title>
      <link>https://reborn.sabahlatan.com/categories/ekonomi/</link>
      <pubDate>Wed, 05 Sep 2018 00:00:00 +0000</pubDate>
      
      <guid>https://reborn.sabahlatan.com/categories/ekonomi/</guid>
      <description></description>
    </item>
    
    <item>
      <title>biyoloji</title>
      <link>https://reborn.sabahlatan.com/categories/biyoloji/</link>
      <pubDate>Thu, 16 Aug 2018 00:00:00 +0000</pubDate>
      
      <guid>https://reborn.sabahlatan.com/categories/biyoloji/</guid>
      <description></description>
    </item>
    
    <item>
      <title>cografya</title>
      <link>https://reborn.sabahlatan.com/categories/cografya/</link>
      <pubDate>Mon, 13 Aug 2018 00:00:00 +0000</pubDate>
      
      <guid>https://reborn.sabahlatan.com/categories/cografya/</guid>
      <description></description>
    </item>
    
    <item>
      <title>dil</title>
      <link>https://reborn.sabahlatan.com/categories/dil/</link>
      <pubDate>Thu, 24 Aug 2017 00:00:00 +0000</pubDate>
      
      <guid>https://reborn.sabahlatan.com/categories/dil/</guid>
      <description></description>
    </item>
    
    <item>
      <title>zeka-oyunlari</title>
      <link>https://reborn.sabahlatan.com/categories/zeka-oyunlari/</link>
      <pubDate>Sat, 01 Apr 2017 00:00:00 +0000</pubDate>
      
      <guid>https://reborn.sabahlatan.com/categories/zeka-oyunlari/</guid>
      <description></description>
    </item>
    
    <item>
      <title>muzik</title>
      <link>https://reborn.sabahlatan.com/categories/muzik/</link>
      <pubDate>Fri, 03 Mar 2017 00:00:00 +0000</pubDate>
      
      <guid>https://reborn.sabahlatan.com/categories/muzik/</guid>
      <description></description>
    </item>
    
    <item>
      <title>sanat</title>
      <link>https://reborn.sabahlatan.com/categories/sanat/</link>
      <pubDate>Fri, 03 Mar 2017 00:00:00 +0000</pubDate>
      
      <guid>https://reborn.sabahlatan.com/categories/sanat/</guid>
      <description></description>
    </item>
    
    <item>
      <title>dil-dersleri</title>
      <link>https://reborn.sabahlatan.com/categories/dil-dersleri/</link>
      <pubDate>Sun, 29 Jan 2017 00:00:00 +0000</pubDate>
      
      <guid>https://reborn.sabahlatan.com/categories/dil-dersleri/</guid>
      <description></description>
    </item>
    
    <item>
      <title>sinirbilim</title>
      <link>https://reborn.sabahlatan.com/categories/sinirbilim/</link>
      <pubDate>Tue, 25 Oct 2016 00:00:00 +0000</pubDate>
      
      <guid>https://reborn.sabahlatan.com/categories/sinirbilim/</guid>
      <description></description>
    </item>
    
    <item>
      <title>teoloji</title>
      <link>https://reborn.sabahlatan.com/categories/teoloji/</link>
      <pubDate>Tue, 25 Oct 2016 00:00:00 +0000</pubDate>
      
      <guid>https://reborn.sabahlatan.com/categories/teoloji/</guid>
      <description></description>
    </item>
    
    <item>
      <title>android</title>
      <link>https://reborn.sabahlatan.com/categories/android/</link>
      <pubDate>Sun, 23 Oct 2016 00:00:00 +0000</pubDate>
      
      <guid>https://reborn.sabahlatan.com/categories/android/</guid>
      <description></description>
    </item>
    
    <item>
      <title>felsefe</title>
      <link>https://reborn.sabahlatan.com/categories/felsefe/</link>
      <pubDate>Sun, 28 Aug 2016 00:00:00 +0000</pubDate>
      
      <guid>https://reborn.sabahlatan.com/categories/felsefe/</guid>
      <description></description>
    </item>
    
    <item>
      <title>sosyal-medya</title>
      <link>https://reborn.sabahlatan.com/categories/sosyal-medya/</link>
      <pubDate>Mon, 23 Nov 2015 00:00:00 +0000</pubDate>
      
      <guid>https://reborn.sabahlatan.com/categories/sosyal-medya/</guid>
      <description></description>
    </item>
    
    <item>
      <title>tarih</title>
      <link>https://reborn.sabahlatan.com/categories/tarih/</link>
      <pubDate>Tue, 19 May 2015 00:00:00 +0000</pubDate>
      
      <guid>https://reborn.sabahlatan.com/categories/tarih/</guid>
      <description></description>
    </item>
    
    <item>
      <title>maddesel</title>
      <link>https://reborn.sabahlatan.com/categories/maddesel/</link>
      <pubDate>Mon, 20 Apr 2015 00:00:00 +0000</pubDate>
      
      <guid>https://reborn.sabahlatan.com/categories/maddesel/</guid>
      <description></description>
    </item>
    
    <item>
      <title>siyaset</title>
      <link>https://reborn.sabahlatan.com/categories/siyaset/</link>
      <pubDate>Wed, 08 Apr 2015 00:00:00 +0000</pubDate>
      
      <guid>https://reborn.sabahlatan.com/categories/siyaset/</guid>
      <description></description>
    </item>
    
    <item>
      <title>program</title>
      <link>https://reborn.sabahlatan.com/categories/program/</link>
      <pubDate>Tue, 07 Apr 2015 00:00:00 +0000</pubDate>
      
      <guid>https://reborn.sabahlatan.com/categories/program/</guid>
      <description></description>
    </item>
    
    <item>
      <title>sinema</title>
      <link>https://reborn.sabahlatan.com/categories/sinema/</link>
      <pubDate>Tue, 07 Apr 2015 00:00:00 +0000</pubDate>
      
      <guid>https://reborn.sabahlatan.com/categories/sinema/</guid>
      <description></description>
    </item>
    
  </channel>
</rss>
