<?xml version="1.0" encoding="utf-8" standalone="yes"?>
<rss version="2.0" xmlns:atom="http://www.w3.org/2005/Atom">
  <channel>
    <title>biyoloji-2 on Sabahlatan</title>
    <link>https://reborn.sabahlatan.com/categories/biyoloji-2/</link>
    <description>Recent content in biyoloji-2 on Sabahlatan</description>
    <generator>Hugo -- gohugo.io</generator>
    <language>tr-tr</language>
    <lastBuildDate>Wed, 27 Feb 2019 00:00:00 +0000</lastBuildDate><atom:link href="https://reborn.sabahlatan.com/categories/biyoloji-2/index.xml" rel="self" type="application/rss+xml" />
    <item>
      <title>Yumurta Rengi: Neden Bazıları Kahverengi, Bazıları Beyazdır</title>
      <link>https://reborn.sabahlatan.com/blog/tavuk-ve-yumurta-rengi/</link>
      <pubDate>Wed, 27 Feb 2019 00:00:00 +0000</pubDate>
      
      <guid>https://reborn.sabahlatan.com/blog/tavuk-ve-yumurta-rengi/</guid>
      <description>Okumayı sevenler için bu yazımızda tavuğun (Gallus gallus domesticus) yumurta rengi, rengi belirleyen faktörler ve maddeler, durumun genetik yapısı, yumurta rengi ile kalitede bir linkage var mı gibi konulardan bahsedeceğiz. Biraz genetikten bahsedeceğiz, birazda genel birkaç bilgiden. Kısa bir paragraf yazısını bilgilerle dolduruyoruz. Baştan biz senine anlaşalım. Sonra bozuşmayalım neden yazı uzun diye. Bu yazı öyle iki satır kaynakçasız bilgiden oluşmuyor. Eğer ki sadece kahverengi yumurta ile beyaz yumurta arasında bir fark var mı diye buraya geldiysen yanlış yerdesin.</description>
    </item>
    
  </channel>
</rss>
