<?xml version="1.0" encoding="utf-8" standalone="yes"?>
<rss version="2.0" xmlns:atom="http://www.w3.org/2005/Atom">
  <channel>
    <title>zeka-oyunlari on Sabahlatan</title>
    <link>https://reborn.sabahlatan.com/categories/zeka-oyunlari/</link>
    <description>Recent content in zeka-oyunlari on Sabahlatan</description>
    <generator>Hugo -- gohugo.io</generator>
    <language>tr-tr</language>
    <lastBuildDate>Sat, 01 Apr 2017 00:00:00 +0000</lastBuildDate><atom:link href="https://reborn.sabahlatan.com/categories/zeka-oyunlari/index.xml" rel="self" type="application/rss+xml" />
    <item>
      <title>Şah - Mat</title>
      <link>https://reborn.sabahlatan.com/blog/sah-mat/</link>
      <pubDate>Sat, 01 Apr 2017 00:00:00 +0000</pubDate>
      
      <guid>https://reborn.sabahlatan.com/blog/sah-mat/</guid>
      <description>Satranç, kimilerine göre kumar, kimilerine göre de şeytan icadı olmuştur. Ve lakin ikisi de değildir. Satranç 8x8&amp;rsquo;lik kare şeklindeki bir tahta parçasında, çeşitli görevlere sahip taşlar ile oynanan bir oyundur.
Hayatımızın her alanında bu oyunun yansımasını gördüğümüzü düşünüyorum. Atacağımız her adım &amp;lsquo;hayat&amp;rsquo; tahtasında oynayacağımız bir hamledir. Bu yüzdendir ki toplumun her kesiminden insan bu oyunu keyifle oynar.
Bu oyun öyle cinsiyete de bakmaz. Zira ilkokulda yenemediğim tek oyuncu bir &amp;lsquo;Simge&amp;rsquo; adında bir kızdı.</description>
    </item>
    
  </channel>
</rss>
