<?xml version="1.0" encoding="utf-8" standalone="yes"?>
<rss version="2.0" xmlns:atom="http://www.w3.org/2005/Atom">
  <channel>
    <title>agar-ioda-resim-koymak on Sabahlatan</title>
    <link>https://reborn.sabahlatan.com/tags/agar-ioda-resim-koymak/</link>
    <description>Recent content in agar-ioda-resim-koymak on Sabahlatan</description>
    <generator>Hugo -- gohugo.io</generator>
    <language>tr-tr</language>
    <lastBuildDate>Wed, 20 May 2015 00:00:00 +0000</lastBuildDate><atom:link href="https://reborn.sabahlatan.com/tags/agar-ioda-resim-koymak/index.xml" rel="self" type="application/rss+xml" />
    <item>
      <title>Agar.io ve Püf Noktaları</title>
      <link>https://reborn.sabahlatan.com/blog/agar-io-oyunu-ve-puf-noktalari/</link>
      <pubDate>Wed, 20 May 2015 00:00:00 +0000</pubDate>
      
      <guid>https://reborn.sabahlatan.com/blog/agar-io-oyunu-ve-puf-noktalari/</guid>
      <description>Agar.io son zamanlarda patlayan basit, pratik ve çoğu kişi tarafından bağımlılık yaptığı söylenen multiplayer bir tarayıcı oyunu. Oynamak için yalnızca mouse hareketleri ve iki tuş kullanıyorsunuz. Oyundaki temel amaç elbette en çok puanı alarak liderler listesine yerleşebilmek. Bunu yapmak için etraftaki nesneleri yiyerek erişebileceğiniz en büyük boyuta erişerek ilerlemeniz gerekiyor. Sonrasında işin içerisine ufak stratejiler giriyor. Diğer oyuncuları ne kadar büyük boyutlara erişmiş olurlarsa olsunlar alt etmeniz mümkün.
Oyunda her oyuncu farklı birer hücreyi yönlendiriyor.</description>
    </item>
    
  </channel>
</rss>
