<?xml version="1.0" encoding="utf-8" standalone="yes"?>
<rss version="2.0" xmlns:atom="http://www.w3.org/2005/Atom">
  <channel>
    <title>3310 on Sabahlatan</title>
    <link>https://reborn.sabahlatan.com/tags/3310/</link>
    <description>Recent content in 3310 on Sabahlatan</description>
    <generator>Hugo -- gohugo.io</generator>
    <language>tr-tr</language>
    <lastBuildDate>Fri, 10 Mar 2017 00:00:00 +0000</lastBuildDate><atom:link href="https://reborn.sabahlatan.com/tags/3310/index.xml" rel="self" type="application/rss+xml" />
    <item>
      <title>Nokia&#39;nın Bilinmeyenleri</title>
      <link>https://reborn.sabahlatan.com/posts/2017/03/nokianin-bilinmeyenleri/</link>
      <pubDate>Fri, 10 Mar 2017 00:00:00 +0000</pubDate>
      
      <guid>https://reborn.sabahlatan.com/posts/2017/03/nokianin-bilinmeyenleri/</guid>
      <description>Bu yazı uzun süre önce aklımdaydı, fakat şu günler Nokia 3310 adı altında yeni bir telefonun piyasaya sürülmesi bunu şu an daha anlamlı kılacaktır. Bunun nedeni bu yazının içeriğinin Microsoft tarafından satın alınmadan önceki Nokia hakkında olması.
Hepsinden önce Nokia hakkındaki son gelişmelere bir göz atalım. Yeni tanıtılan telefonun Nokia 3310&amp;rsquo;la hiçbir alakası veya cezbedici hiçbir yanı yok, bunu fark etmişsinizdir. Aynı boyuttaki eski tuşlu telefon modelleri arasında, çeşitli markaların aynen bu şekilde cihazları mevcuttu.</description>
    </item>
    
  </channel>
</rss>
